ACDate,UserID,UserName,Name,DescPol,UserDesc,Country,PlaceType,Coord,Verified,NrFollowers
2008-07-24 22:22:26,15590010,DJ_Lena,ğŸ³ï¸â€ğŸŒˆ DJ Lena ğŸ‡¯ğŸ‡²,0.0,"Berniecrat, Pct 323 Delegate, MDP SCC delegate, Cannabis Caucus Founding Member. DJ, Detroit. Deep/Jackin/Soulful House Music 24/7 http://tun.in/sfftN",Detroit,None,None,False,5752
2014-03-01 00:58:57,2366303900,Donnam8470Donna,Texas Grandma,0.042,"MAGA! Build the Wall! Conservative Christian, Climate Change Skeptic, Married Mother of 2, Grandmother of 8,  Blocked by Senator Nasheed, Cher, and Deray.",None,None,None,False,14356
2017-09-22 16:00:07,911258819451248640,LeeCapobianco1,Lee Capobianco,0.133,"Mom, Grandma and Great-Grandma. Christian who loves God, family and this great Country. Trump2020","Florida, USA",None,None,False,3059
2008-07-24 22:22:26,15590010,DJ_Lena,ğŸ³ï¸â€ğŸŒˆ DJ Lena ğŸ‡¯ğŸ‡²,0.0,"Berniecrat, Pct 323 Delegate, MDP SCC delegate, Cannabis Caucus Founding Member. DJ, Detroit. Deep/Jackin/Soulful House Music 24/7 http://tun.in/sfftN",Detroit,None,None,False,5752
2017-08-05 08:28:28,893750541267894272,WeaponizedRage,Weaponized Nerd Rage,0.25,Just a nerd doing his best. Total Jackass. Profanity enthusiast.,The Lost Land,None,None,False,1127
2009-07-21 12:44:15,58784828,vagablondviking,The Emperor Fabulous,0.0,"Tall. Loud. Nordic. Nerdy. My eyes don't match, so thereâ€™s really no hope for my clothes. she/her #Bibliophile #medtwitter #Resistance #Ravenclaw #MotherOfCats",The Bewilderness,None,None,False,732
2016-09-02 19:44:38,771795990324011008,Mattbotronimus,Matthew's Computer,0.0,Bot for @Inar0s . This bot posts what I think my computer is thinking.,In Matthew's room,None,None,False,7
2010-12-19 00:01:39,228182567,kasey_beth,ğŸ¦‡Kasey StenderğŸ”®,0.0,she/her/hers  I moonlight as an anxiety goblin/trash possum.,Anxietytown,None,None,False,185
2010-03-23 01:20:27,125509401,crisliee,Ã‰owyn,0.0,Graduada de la Universidad de la TodologÃ­a. I never said I was a role model.,Ithilien,None,None,False,697
2012-03-24 19:37:51,535643300,aneuroma,â‚¥Ã˜ÅÉ˜Ï‚à¸‚â„“Î”,0.0,"AlcohÃ³filo, ebrio pero buena gente. Hijo perdido de @Alwaleed_Talal. Parte de la Elite Tuitera. Local Meme DiasporriqueÃ±o. #CaguasEnLaCasa","Gainesville, FL",None,None,False,2471
2013-03-08 22:09:48,1252856887,CovfefeCanary,TellTaleCanary,0.0,None,"Barcelona, Spain",None,None,False,167
2012-08-15 01:47:32,758308363,Boyle93Simon,si,0.2,TWEET ABSOLUTE MADNESS,None,None,None,False,609
2017-09-25 15:00:39,912331015741411329,Twiggyisbackk,Tylar McNulty,0.0,Indy. Howard Alum ğŸ’•,"Indianapolis, IN",None,None,False,134
2016-07-11 10:39:18,752452197212905472,Lewd_Trash,Boar in Heat,0.147,"NSFW, 18+ [GER/ENG] Lewd, â™‚, straight, hentai, hentai manga, nudes, porn, masturbation, cute socks & cute pantsu! Fat, musky and meaty cock~! n///n",Deutschland,None,None,False,886
2018-04-23 03:46:09,988262727155093505,lokinebula,lord of thunder,-0.2,just an acc to quote shit on and not annoy my mutuals,None,None,None,False,0
2013-03-28 02:50:50,1309240633,mickklovin,Mickey J,0.0,Tweets are not a representation of my employer.,None,None,None,False,1405
2018-05-15 02:23:20,996214418567516161,Real_Lawliet,Lawliet,0.0,Gave my life to receive answers,None,None,None,False,0
2012-09-10 00:03:16,814116954,genebennett3,gene bennett,0.0,"Run,Jump Play",United States,None,None,False,2
2014-05-09 19:22:15,2485759536,the4list,The4LIST,0.1,"Pizza lover, patter of people's pets, movie watcher, List maker, prop designer, creative mastermind, comedy writer. Officially the least read profile on Twitter",Boston,None,None,False,136
2017-12-13 00:53:38,940746499805384706,alexbeatty1991,Alex Assell Beatty,0.143,"I am from Cincinnati OH but live in Savannah Ga. I love God, my husband, animals, family, and the Green Bay Packers.","Georgia, USA",None,None,False,9
2016-05-03 19:33:18,727581821467283456,RazanTsunoi,v!ÑÎ±zÎ±Î· Ñ‚sÏ…Î·ÏƒÎ¹[[Exhausted]],0.0,Ä±llÄ±llÄ± mÑ”ltdÏƒwn Ä±llÄ±llÄ±  [[Fan Account]],None,None,None,False,232
2017-02-01 23:18:22,826932733058351105,WhispcringHands,Rá´€á´˜Êœá´€á´‡ÊŸ Aá´…ÊŸá´‡Ê€,0.0,Â« AÉ´á´… I á´¡á´€Ê€É´á´‡á´… Êá´á´œ á´›á´ É¢á´‡á´› á´á´œá´› á´Ò“ á´Ê á´¡á´€Ê. Â» Fá´€É´á´…á´á´ FÊŸá´‡xÉªÊ™ÊŸá´‡  MV  SS  AU,FF#Covfefe+18,None,None,False,300
2014-01-23 23:16:10,2307387571,AstephonJ,A.,0.0,None,"Lake Charles, Louisiana",None,None,False,68
2016-05-31 09:10:07,737571851220619266,taytheinfamous,idontwannabeyouanymore,0.0,None,ripjoshğŸ‘¼ğŸ¿,None,None,False,1374
2018-05-15 02:23:20,996214418567516161,Real_Lawliet,Lawliet,0.0,Gave my life to receive answers,None,None,None,False,0
2010-06-19 03:32:59,157194482,derangedm97,â˜†baperfezeu,0.0,"'ë„Œ ì–´ë–»ê²Œ ì§€ëƒˆë‹ˆ í˜ë“¤ ë• ëˆ„êµ¬ì—ê²Œ ê¸°ëŒ”ë‹ˆ', ê¹€í•œë¹ˆ  [ 2nd acc for ã„±ã„·ã„´ @nekoahnia ]","New South Wales, Australia",None,None,False,255
2012-02-22 07:22:16,499553951,wathitup,wathitu peter,0.0,Jesus rocks!! AUTHOR AND PERFECTER OF MY FAITH!,None,None,None,False,1535
2016-01-30 14:18:11,4863852213,LordScourge1992,RIP SOTIC,0.1,"youtuber, gamer, action figure collector, poet","North Carolina, USA",None,None,False,123
2009-01-20 03:20:21,19217369,neontaster,Saidin Taster,0.1,"Photoshopper of memes. Player of guitar. Studier of Japanese. Tweeter of politics, anime, movies etc. Eng/×¢×‘×¨/æ—¥æœ¬èª   @neoncast for podcasts, videos, and more.",DC,None,None,False,67455
2012-06-27 20:41:32,620326679,RubenRTZ,RubenRTZ,0.0,23 l #Gaming & #eSports enthusiast / Ex - SC2 Caster / The Strategist / Mastermind. Sis- @HirasawaNatsu,Extremadura,None,None,False,1172
2016-07-26 18:02:16,757999488657137664,Kira_HandBooks,Kirabot,0.0,"Oh no, it seems like I've dropped my bag of hands! *Seductively bends over to pick up hands* [Posts hourly] [Replies + follows are manual]",Dead and naked in a ditch,None,None,False,566
2008-07-06 19:18:45,15334923,jessecowan,Jesse Cowan,0.3,Technical Director @FellowshipDnvr // Drummer @DovesAndWolves // Producer/Audio Engineer. Opinions are my own.,"Denver, CO",None,None,False,252
2009-07-07 04:40:58,54452294,Mr_Jachawn,Money$Mitch,0.175,Part time breather full time hustla All gas no brakes. 6'1 ğŸ‘†ğŸ¾ but forever 10 toes downâ¬‡ï¸,None,None,None,False,407
2008-07-06 19:18:45,15334923,jessecowan,Jesse Cowan,0.3,Technical Director @FellowshipDnvr // Drummer @DovesAndWolves // Producer/Audio Engineer. Opinions are my own.,"Denver, CO",None,None,False,252
2016-07-26 18:02:16,757999488657137664,Kira_HandBooks,Kirabot,0.0,"Oh no, it seems like I've dropped my bag of hands! *Seductively bends over to pick up hands* [Posts hourly] [Replies + follows are manual]",Dead and naked in a ditch,None,None,False,567
2016-09-19 03:36:07,777712850819223552,hoodbyhasan,LAMBO BLAÄ†,0.0,YUNG A$TRONAUT NIGGA FROM THE FUTUREğŸš€ SPACE TRAP /// FUTURIST,Matrix,None,None,False,76
2010-04-19 18:56:28,134888747,kyutieful_,Sammy,-0.117,"Lives for her weekends where she can turn her alarms off, Taehyung ruins her hourly, and adores all fluffy creatures such as puppies, Sebastian Stan, and BTS ğŸ’™",England,None,None,False,821
2016-08-19 23:41:10,766782086992855044,writtenbymegan,megan,0.0,None,None,None,None,False,819
2018-04-15 07:06:07,985413946214563840,sanqhyvks,ğŸŒ§,0.0,ğŸ’Œá´Ê á´…á´‡á´€Ê€ #í•œìƒí˜ Êá´á´œÊ€ á´ á´Éªá´„á´‡ á´˜á´œá´›s á´€É´ ÉªÉ´sá´›á´€É´á´› sá´ÉªÊŸá´‡ á´É´ á´Ê Ò“á´€á´„á´‡ğŸ’Œ,Trashcan,None,None,False,35
2015-12-20 06:51:28,4610054304,ecomin7,ğŸ¥ğŸ¥ğŸ¥,0.0,ğŸ‡®ğŸ‡³ğŸ‡³ğŸ‡¬ğŸ‡ªğŸ‡¸ğŸ‡¬ğŸ‡§ğŸ‡ºğŸ‡¸ğŸ‡µğŸ‡°ğŸ‡²ğŸ‡½,None,None,None,False,227
2015-02-12 21:29:59,3017801497,LeannRehm,Leann Rehm,-0.047,"Author, commentator on senseless human cruelty, knows how to make saints just a little miffed. Patriot.","Naples, FL",None,None,False,989
2018-04-12 10:38:41,984380275252580352,Zamniverse,Jammy,-0.167,im not a robot  wala akong maisip na magandang quote. sorry. â€˜yan muna.,None,None,None,False,25
2015-10-06 17:02:28,3882342328,chundrumahesh1,Chundru Mahesh,0.0,ME,None,None,None,False,0
2013-10-21 02:00:48,1977041202,EFFLORESCENE,porg,0.312,this is my alter ego! i mostly just cry about star wars!,free palestine,None,None,False,2830
2013-10-21 02:00:48,1977041202,EFFLORESCENE,porg,0.312,this is my alter ego! i mostly just cry about star wars!,free palestine,None,None,False,2830
2009-06-05 19:46:46,44977183,martincwiner,Martin C. Winer,0.0,None,None,None,None,False,366
2018-04-22 21:41:07,988170859767586817,SineMbangu,Sine,0.0,â˜† Scintilating  ğŸŒˆ,None,None,None,False,3
2011-10-21 08:26:03,395186777,SeattleSix,Seattle Six,-0.067,I'm a GIRL cookie!  A ginormous chocolate chip walnut cookie ...   Without Passion ... We'd Be Truly Dead,NOT in bothell,None,None,False,745
2016-01-08 22:37:12,4748598377,Smitzal,ğŸ´sierra aloneğŸ´,-0.75,ğŸ”³â—½ï¸ğŸ€â—½ï¸ğŸ”³â—½ï¸â˜¸ï¸â—½ï¸ğŸ”³â—½ï¸ğŸ„â—½ï¸ğŸ”³not sadboi aesthetic I'm just sad and pathetic,"Chicago, IL",None,None,False,97
2011-12-14 00:08:03,436260390,Airheadange,Andrea Burns,0.09,Possibly should've been born blonde as am a bit dizzy. Have MS which REALLY pisses me off. City til I die. Married to one hell of a guy. â¤ï¸,Narfolk,None,None,False,124
2017-09-29 20:22:02,913861445447819264,cowboyhop,ğŸ–•ğŸ¾ ACAB BinchğŸ–•ğŸ¾,-0.033,"Queer, Black identity extremist ğŸ˜ Fuck racists and TERFs! They all musty. Real nigga til they smoke me. ğŸ–•ğŸ¾ WOOF to the colonizers",RECLAIMING MY TIME!,None,None,False,81
2012-10-07 01:00:05,865551374,_jayrachelle,the j,0.0,film maker/writer,LV,None,None,False,1920
2012-12-12 07:27:41,1005808225,lovelucyford,LUCY FORD,0.234,new collection â€œmy fifth second chanceâ€ OUT NOW. use code FREE SHIPPING at checkout,United States,None,None,False,39713
2015-06-22 07:52:41,3252454958,pvdrete,Stephanie Servin,0.417,Love can make suicide sound so cool.,"California, USA",None,None,False,70
2014-11-10 20:29:06,2871159226,NjokuOnye,Onye Njoku,-0.16,single black female addicted to retail,None,None,None,False,632
2014-06-30 02:28:25,2595652226,Mac_daadddyy,Makayla ğŸŒ»,0.0,I like to paint  sc: muhkayluhcx,California,None,None,False,689
2013-07-07 18:11:19,1575711288,bellagorecki,Isabella,0.1,im sensitive â€¢ instagram / snap bella_gorecki ğŸ¦‹,MN,None,None,False,657
2012-04-02 22:35:55,543784700,micabulgini,mt,0.0,You grow girl,"Miami, FL",None,None,False,535
2018-02-22 02:29:31,966500167582081024,scarequotes666,goddess of greens,-0.188,try a little tenderness,None,None,None,False,28
2013-02-05 02:31:21,1149701984,micaleahh,mc,0.0,None,"San Marcos, TX",None,None,False,761
2017-05-03 21:24:10,859881289788379143,stonedfaerie,MARS,0.0,ğŸŒ¹scorpio phoenix dominatrix who smokes too muchğŸŒ¹ â›“ğŸ–¤ message me for my NSFW Domme account ğŸ”ªâ›“,"Indianapolis, IN",None,None,False,215
2009-06-13 18:49:17,46940193,ambarbiee,Crystal Mami ğŸ”®âœ¨,0.025,"âœ¨23. Taurus/Aries Cusp. I'm just a young witch named after a stone that's studying to be a Reiki Master. Salem,MA.ğŸ”®âœ¨",978,None,None,False,619
2011-12-03 16:27:59,427509129,jadeisdumb,jade,0.0,None,"New Jersey, USA",None,None,False,1196
2011-05-13 02:14:40,297761450,soulvivacity,â˜¾asey Parker,0.0,"lone witch. look on the brightside. existing, experiencing & expressing~",finding peace,None,None,False,530
2014-11-02 23:27:37,2857917076,gabgref,gab.,0.083,"All adventurous women do. Esthetician. Capricorn. BLM. Columbus, Ohio. ğŸŒ¹ IGgabgrefbeauty",In my lane,None,None,False,1470
2013-01-03 03:46:28,1056795266,kayforkenz,Kenzie Turpin,0.0,None,"Brownsburg, IN",None,None,False,1267
2015-09-06 19:48:42,3473835492,nuggiesocks,Carly,0.0,ğŸ’ğŸ’ğŸ’,Hyrule,None,None,False,449
2014-07-27 05:45:34,2684268799,Inbetweentherim,Lexy,0.0,19. Person in Progress.,None,None,None,False,321
2013-11-09 05:49:21,2183677573,victorias_vibes,â™€,0.0,ne te quaesiveris extra,â™ï¸,None,None,False,490
2012-04-15 17:31:30,554589900,vscamardella__,tor,0.0,None,None,None,None,False,729
2015-08-23 17:18:27,3326935843,Morganmcnamara7,Morgan mcnamara,0.3,Once upon a time nobody gave a fuck~specialize in having fun,None,None,None,False,85
2014-05-17 21:49:11,2502596130,emmaleger_,emma leger,0.0,None,None,None,None,False,311
2017-10-16 16:40:36,919966315539869696,ganjagroupie,ms. hoe,0.122,hippie living in a modern world  classic rock enthusiast  stoner  private: @balmainsparis  insta: @amandaparksofficial  finsta: @balmainsparis,916,None,None,False,171
2009-06-23 03:39:05,49873556,treejcakes,ğ–™ğ–”ğ–—ğ– ğ–ğ–”,0.15,growing from the concrete â€¢ pisces â€¢ creating makes me happiest,None,None,None,False,2533
2013-09-21 15:28:00,1890489402,caromendoza403,Caro,0.0,ğŸŒ,"Key Biscayne, FL",None,None,False,412
2011-07-14 22:53:23,335593781,kybiee,ğŸ¥Ÿ,0.433,queen of getting attached too easily,"Louisville, KY",None,None,False,340
2014-12-12 21:07:14,2918408751,pearl_renae,PRLart,0.0,i create. #PRLart,"Fort Myers, FL",None,None,False,401
2010-07-09 16:01:52,164725970,_gaylebaker,Kayla,0.0,ğŸŒ¹ğŸ’‹â£ï¸,None,None,None,False,107
2012-03-27 21:46:03,538591152,SailorKrystal_,L,0.0,No trump No KKK No fascist USA,None,None,None,False,296
2012-12-05 03:40:36,990122959,nigercita_,jessika .,0.0,#PVAMU21 ğŸ’œğŸ’›ğŸ¾ (here to uplift women) MUA ğŸ’„ğŸ’‹ğŸ‘„,"Texas, USA",None,None,False,1074
2013-09-18 03:51:54,1877943068,xoyyxx,æ§˜â™¡å­—,-0.4,à¥endlessly creating myself â€¢â€¢ â¥â³â“›â“¢â““â“œâ“£â“—â“’ Gemini as fuck ğŸ¦‹,None,None,None,False,841
2011-12-25 19:23:18,446468964,gabberrrrz,Gabbs,0.0,"my heart is gold, but my vagine is platinum",None,None,None,False,347
2010-03-23 23:15:56,125809451,juliajeanb,jjb,0.0,dance your worries away darling,on the dancefloor or the gym,None,None,False,278
2013-05-04 19:23:10,1403206453,jordyneimile,lord pretty flacko jordy,0.0,None,"Fort Collins, CO",None,None,False,289
2015-09-21 23:05:19,3642558919,littletonocare,Mo ğŸ‰ğŸ”¥,0.0,#PV21 ğŸ‡»ğŸ‡®,STX  âœˆï¸  Texas,None,None,False,260
2012-11-14 22:48:52,948644611,Rageaholics_6,Andree ğŸŒ,0.0,19. would probably die for pop punk and my cats,"Ogden, UT",None,None,False,1049
2012-03-17 03:17:05,527044829,nattheturtle,ğŸ’,0.0,JğŸ’•  vamos mejorando  â€˜16 Subaru Crosstrek,"Northridge, Los Angeles",None,None,False,289
2009-07-09 09:06:45,55186980,flaawfilled,Meghan Phillips,0.0,"As soon as i bared my butt, i knew he'd crack - Steven Universe","O'ahu, HI",None,None,False,533
2014-03-16 17:15:55,2393027474,maaribear,m,0.0,"â€œentre ser o no ser, yo soyâ€",None,None,None,False,248
2017-03-02 23:01:25,837437718204301312,ruubiesj,ğŸŒ¹,0.0,None,None,None,None,False,72
2018-01-04 00:28:04,948712597234376705,MuvaNature519,KPğŸŒ¿,0.0,Artist Mother to 2 human beansğŸŒ±ğŸ›ğŸ„,"Bowling Green, KY",None,None,False,382
2011-12-09 00:51:38,432074020,yungbloodhaley,haaaleey ğŸ”œ gramatik,1.0,living my best life  G59  scorpio â€¢ #odeszafam ~  #learnboutsmthn,"Colorado Springs, CO",None,None,False,1520
2012-07-15 03:38:56,635949423,SCosmero13,ğŸŒ¿,0.267,CSUC  Iâ€™m full of love but Iâ€™m not soft anymore.,"Chico, CA",None,None,False,938
2013-03-09 21:51:09,1255468243,Ashlyn__Daniels,asá²â‚,0.0,None,None,None,None,False,156
2017-10-12 19:43:17,918562736275054592,restnpeacebitch,melody,0.0,None,"California, USA",None,None,False,61
2012-05-01 21:47:40,568646505,shelbygailll,Shelbs,0.0,None,615,None,None,False,339
2012-07-11 04:12:17,632649537,G_Christinaa,GabrielleğŸ¦‹,0.0,gimme all the wubs,NY,None,None,False,427
2014-01-21 02:24:18,2302346174,ashix_ebooks,Ashix Bot,0.0,the ashe/saix bot that literally no one asked for,None,None,None,False,21
2009-05-05 06:17:28,37871263,seanjvm,Sean Valadez,0.0,"Independent Concert Promoter, Talent Buyer/Broker and Event Director.   Agente Independiente de Contrataciones para talento Internacional.","North Hollywood, Los Angeles",None,None,False,898
2011-08-19 11:15:31,358097036,realastrorimi,Srinjana Routh,0.0,Physics lover.Otaku.Winchestress.Staunch Hindu.Pure Shaivite.,India,None,None,False,5
2018-05-08 04:50:50,993714821005590535,pawlak71,pawlak,0.0,None,None,None,None,False,2
2016-08-24 21:31:04,768561284782534656,ZazilHaXaman,ğŸŒ» Dzidzantun ğŸŒ»,0.0,#LokiLives #lokilive ğŸŒ #TomHiddlestonDeservesBetter #JusticeForLoki #MAKELOKIGREATAGAIN #LokiDeservesBetter #LokisArmy #BringBackLokiAlive,None,None,None,False,299
2011-04-28 22:04:45,289579747,bas_vic,log whisperer,0.0,"f.k.a. dog whisperer, illustration at CSM, class of 2017","London, England",None,None,False,184
2012-10-21 04:19:06,894606637,ChristianThaGr8,XP,0.3,Currently inventing things to Advance civilization â€” Bond the world â€” Self-making myself into a world leader & multi-trilllionaire. Exceed your own expectations,None,None,None,False,533
2018-04-06 15:11:32,982274613546594304,dyingluv,ğŸŒ´,-0.167,hopeless romantic with a nsfw mind. sometimes i get sad. just a rant account.,None,None,None,False,35
2016-07-07 23:06:36,751190710435459072,BWSHorizon,me is CRYIGhn,0.0,there he goes,"Edmonton, Alberta",None,None,False,26
2012-10-12 00:14:42,874588609,swingdriver210,Daniel Pantoja,0.0,None,None,None,None,False,277
2009-12-28 19:39:03,100029653,benedicium,Benedicta,0.0,None,None,None,None,False,13
2009-07-19 03:49:51,58114619,nottheriveter,rosie,0.0,None,West Michigan.,None,None,False,485
2018-04-23 05:01:42,988281738886397953,_andreahipolito,Park Chim ChimğŸ’–,0.0,ARMYâ¤ Bangtan Sonyeondanâ¤ LEGENDSâ¤  Namjoon ğŸ˜ Seokjin ğŸ˜ Yoongi ğŸ˜ Hoseok ğŸ˜ Jimin ğŸ˜ Taehyung ğŸ˜ Jungkook ğŸ˜,None,None,None,False,3
2010-12-21 11:14:59,229048503,Zamaniiiii,Zamani Mthethwa,-0.167,Black,Empangeni/RichardsBay,None,None,False,521
2013-01-06 15:58:16,1066031046,Gqammy03,Â·ÌµÌ­ÌŒâœ½Ì¤Ì¥ÌˆÌŠÂ·ÌµÌ­ÌŒGuMmY,0.325,â– â—‡â—†It's A Dark But Happy Placeâ—†â—‡â– ,South Africa,None,None,False,497
2011-11-11 15:30:04,410048704,naylisabirawr_,Ë—ËË‹ lo ËËŠË—,-0.15,A dark world aches for a splash of the sun,None,None,None,False,1009
2017-12-27 01:22:20,945827153999998976,Vloodmist,ğŸ´,0.0,the villain once again,None,None,None,False,26
2016-11-09 05:37:22,796225143693524992,keithszuko,vanna,0.0,stigma belongs to the lgbts,multi,None,None,False,120
2017-03-07 17:33:23,839167103777312768,nbsimonlewis,seb ğŸŒ™ / check pinned,0.0,"julius called me a bunny, who am i to argue with them?","white, he/him, queer, 20",None,None,False,38
2012-06-30 10:53:05,622720651,Yoon2Socks,Gizmo Magic Shop Enthusiast,0.038,20 y/o nerd in college whose other account got locked. I play too much ssbts.,None,None,None,False,59
2017-03-25 18:21:20,845702151989006336,katIiisha,cj,0.417,itâ€™s getting gay in here,None,None,None,False,145
2017-01-13 04:35:14,819764719829430273,CONNORisSWEET,"Sheriff Connor Golden, Hoe County PD",-0.4,"americaâ€™s number 1 pro-bullying twitter account, cohost of Thot Police, iâ€™m fucking stupid and engaging with me makes you a stupid dumbass","Chicago, IL",None,None,False,1604
2018-01-16 17:45:01,953322208557846528,dickbutt_248,the ğŸ’°moneybagğŸ’° skeletonâ„¢,0.222,"the poster formerly known as dickbutt_247. still never been owned. #garbagetwitter                    'Nice dick!' - Helen Rosner, New Yorker food correspondent","Oregon, USA",None,None,False,600
2016-11-28 02:54:44,803069588355354624,ascannerburkely,CB,-0.108,"writer. weird fiction.  Nightscript, NoSleep, Thinking Horror, Yellow Booke, https://t.co/e2JQO8u6OV.  mulchsack left. most likely to be mad online, class of 2k.",None,None,None,False,767
2013-06-14 03:52:19,1515198330,hannahtraining,mistress misandry,-0.75,socialist feminist ğŸ dsa ğŸ she/her ğŸ mentally ill spoonie ğŸ boringly bisexualğŸ alt @hannahhellalt,Kalapuya/Chinook Territory,None,None,False,3028
2011-12-23 09:29:58,444489550,josecastelan631,supportive cat dad,0.0,yung Mozart in a go-kart,None,None,None,False,1418
2010-07-28 22:14:26,172093866,yaccenyc,sunny,0.0,your daily dose of vitamin d,None,None,None,False,587
2015-01-04 04:20:36,2957969696,mxllorymxe,mal,0.0,salsa & satire â€¢ drake university â€¢ night owl â€¢ â™‘ï¸ #ABOLISHICE #BLACKLIVESMATTER,mt. diablo,None,None,False,631
2013-09-26 00:52:00,1905953748,Cedar_grace,Cedar Grace,0.0,All we have to decide is what to do with the time that is given to us 19 Bi,"Cedar Rapids, IA",None,None,False,223
2017-12-07 23:58:42,938920736760180736,Ninalem97,suckonmyballsbiych ğŸ†,0.0,All about my faves. Mâ€™baku is a Leo ğŸ¦ all about the memes ğŸ˜,"Wakanda,MBaku land",None,None,False,102
2015-04-26 13:44:41,3176663426,HailKingConor,KAREN,0.5,"If you believe Conor deserves better, then be the better he deserves // @httpsConor",With Bismah,None,None,False,1354
2016-06-27 03:18:12,747267762196733952,ktthsingularity,singular tae,0.0,"have i lost myself or have i gained you, kim taehyung?",Wakanda,None,None,False,1078
2017-11-05 18:58:33,927248788162580480,tidetheniall,ğŸ™ˆ ia cuz finals,0.0,"ğŸ‡®ğŸ‡ªğŸ‡¬ğŸ‡§ğŸ‡ºğŸ‡¸â€¢ album one track 13 â€¢ tdkau â€¢ ğŸŒŠ iIs Ã© niall mo gach rud â€¢ maybe in distance, but never in heart @WishfuILou 'hi kids im home' 'hi home im kids'",golf daddiesâ„¢ï¸ softhoesâ„¢ï¸ SoftForNiall,None,None,False,438
2014-12-12 22:18:10,2918592280,elxnegbr,elineğŸ¤ª,0.0,"vivons de film de boule, dâ€™amour et dâ€™whisky?",la bretagne ou rien,None,None,False,1211
2018-03-25 18:00:42,977968530950795264,Tacosaredeadly,Matthew Woodward,-0.125,Iâ€™m not funny,"Las Vegas, NV",None,None,False,16
2013-09-04 10:05:26,1728229224,korrey_ostler,The Spon of Satan,0.5,It's it's not a temple it looks more like a Caslte.,"Utah County, Utah",None,None,False,13
2012-06-11 23:18:16,605832550,_shiz15,scrap,0.0,Living life ... RAE #HFTCP4Life ğŸ‘»: shizzy25 Ig: _shizz15,Jersey,None,None,False,979
2013-10-21 02:00:48,1977041202,EFFLORESCENE,porg,0.312,this is my alter ego! i mostly just cry about star wars!,free palestine,None,None,False,2832
2012-02-14 03:20:21,491868519,pixieitzel,ğ•¤ğ•¥ğ•–ğ•¡ğ•™,0.0,"your fav dog mom  ut20 (â— â€¿â— âœ¿) ï½¡ï½¥:*:ï½¥ï¾Ÿâ˜…,ï½¡ï½¥:*:ï½¥ï¾Ÿâ˜†",atx/htx,None,None,False,3036
2012-09-20 19:57:09,836254070,aLLYVIa1,lyvi,0.5,"make art, peace, and love",None,None,None,False,657
2014-02-25 23:51:55,2361816732,smhchristine,christine,0.425,more than cool // UT20,hou/aus,None,None,False,220
2015-12-16 14:39:58,4503898516,chwiham,icarus,-0.2,to: my flower ğŸŒ¸ now that we're dead my dear we can be together,VIPÂ·ZONE,None,None,False,91
2014-05-25 01:36:19,2562814859,lifeofafeminist,i love my girlfriend India,0.25,abortion bans only ban safe abortion.,ut21,None,None,False,1806
2014-04-12 02:25:36,2439370766,SexNCandyCrush,Pug Knight,0.106,Just trying to find a little light in all this darkness https://twitter.com/SexNCandyCrush/timelines/963461283591983104,None,None,None,False,4756
2014-01-10 04:21:18,2284519267,kyle_u_,Martian,0.0,https://soundcloud.com/martian-138436852/chaingo-fett,"Denton, TX",None,None,False,252
2010-05-30 21:29:47,150020723,yamxmel,mel,-0.2,crying at the pcl or probably sleeping,htx/atx,None,None,False,540
2017-09-15 00:19:29,908485384149008384,ASpidersEye,ğğğ­ğğ«.,0.0,"â €â €â €â €â €â € ğ˜ğğšğ¡, ğˆ ğ¤ğ§ğ¨ğ° ğ’ğ©ğ¢ğğğ«ğ¦ğšğ§â€” ğ–ğğ¯ğ ğ¦ğğ­ ğ›ğ®ğ­ ğ¢ğ¦ /ğ«ğğšğ¥ğ¥ğ²/ ğ§ğ¨ğ­ ğ¬ğ®ğ©ğ©ğ¨ğ¬ğ ğ­ğ¨ ğ­ğšğ¥ğ¤ ğšğ›ğ¨ğ®ğ­ ğ¢ğ­.",ğ“ ğ“¾ğ“®ğ“®ğ“·ğ“¼.,None,None,False,192
2015-09-09 08:07:45,3502124954,nicknguyenyo,nick,0.2,letting me onto another microblogging service was probably a mistake  i really like that thing you do with books,"Austin, TX",None,None,False,279
2017-03-11 11:36:26,840526827890200580,bbaseIine,ja,0.0,None,ariska + yoonminkook ğŸ’•,None,None,False,2040
2017-11-15 19:10:54,930875775120588800,MrRajesha,Rajesha,0.0,Die-hard Fan of @Suriya_offl & @arrahman & #MartinScorsese,"Bengaluru, India",None,None,False,24
2014-02-22 19:00:38,2356775490,monkets,Monkets WowGames,0.0,vlogger,"ĞœĞ¾ÑĞºĞ²Ğ°, Ğ Ğ¾ÑÑĞ¸Ñ",None,None,False,63
2014-03-08 22:04:01,2379363732,realMummrah,Hugoboosh,0.0,Returning Guild Wars 2 player. Member of Avalons Wraiths (Storm Bluff Isle) and Co-Founder of Gold for Glory.,Storm Bluff Isle,None,None,False,16
2010-12-01 01:19:55,221578538,nonmatingpanda,ğŸ•¯Rusty ShacklefordğŸ’¡,0.0,"average-dicked loser, man on the silver mountain, NOT A DOCTOR.",Uhh...merica,None,None,False,380
2015-08-02 05:59:20,3304033783,bharliee,Gloria,-0.389,"life's tough, get a helmet.",Waiting for graduation,None,None,False,316
2017-02-21 07:40:20,833944430482649088,_rikookie,KookieBot,0.0,ã„ã‰ã‚”ã‡ã‚Šããã‚€chã†ãƒthã¿ã‡ã‚“ã¡ã‚Œãƒãµã‡ã©ã‚ˆã†ã†ã‚“ã§rsãŸã‚“ã§ã‚‡wã‚€chã‰ã‚”ã‡ã„ã¯ã‚”ã‡ãµã‰rã¦ãƒãã­ã¡ã‚ƒã‚‰cã¦rã¸ã„sã¿ã‚ƒcã¤ã‚lã™ã‚“ã—ã­pã‡ã‚ã›pã‚ã¦cã¦ãƒã£sã¿ã‡,"California, USA",None,None,False,7
2009-07-19 20:26:43,58285508,mr_rAq,Sefakor,0.0,My identity is found in CHRIST.,"Accra, Ghana.",None,None,False,987
2010-06-05 18:02:42,152346540,eli_sabblah,SEQUOIA SEED,0.058,When the strong tides lift/ And the cables strain/ Will your anchor drift/ or firm remain?  #JESUS #YHWH #Blogger #hillsong #Ewe #AccraAcademy #SASA #SpokenWord,"Tema, Ghana",None,None,False,3107
2011-09-22 00:03:39,377699486,Belalynch,Calvary's Sequoia ğŸ”¥,0.0,"Never,never,never,never give up âœŠâœŠâœŠ  Romans 8:38-39 ğŸ˜˜ğŸ˜˜ğŸ˜˜ğŸ˜˜ğŸ˜˜ #116 Clique stan #SOAR ğŸ’ƒğŸ’ƒ ğŸ˜˜ #Hillsong Advocate â¤â¤â¤",Takoradi,None,None,False,5054
2013-07-27 15:08:47,1625674682,cu_jay_,Jesse,0.0,æ²¡æœ‰å¥½å¤„,Mars,None,None,False,867
2009-04-16 19:44:44,32126843,bittamusic,BITTAMUSIC,0.0,"hiphop/Reggae Artist, Producer & Song Writer.. FOR INFO bittablood@gmail.com",NEWMUSIC #BESTFRIEND,None,None,False,20548
2011-06-13 04:08:08,316231861,mir_duh22,ÎœÎ¹rÎ±nÎ´Î±,0.039,"Feminist: a person who believes in the social, political and economic equality of the sexes. â€¢Carthage College & Î Î˜ Alumniâ€¢ Wisconsinâ¡ï¸Chicago","Chicago, IL",None,None,False,349
2016-12-29 06:02:04,814350755524124672,SpiritistJill,ğŸ‘»ğŸ‘½ Jillian Jayde,0.04,"Real occult-anthro & afterlife researcher.  Nonprofit Renegade. Writer. Horror, Sinatra, Jesus & the Desert. Deep thoughts, gin tonics & equity for sex workers.","Chicago, IL",None,None,False,339
2016-12-29 06:02:04,814350755524124672,SpiritistJill,ğŸ‘»ğŸ‘½ Jillian Jayde,0.04,"Real occult-anthro & afterlife researcher.  Nonprofit Renegade. Writer. Horror, Sinatra, Jesus & the Desert. Deep thoughts, gin tonics & equity for sex workers.","Chicago, IL",None,None,False,339
2012-12-18 20:48:44,1020617850,knowitallorde,NOel,0.0,who knows,None,None,None,False,1263
2009-03-18 02:21:26,25009031,chadnico,Chad Nico Hiu,0.075,Sojourner. Student. Advocate. Activist. Traveller. Teacher. D&I Director. @globalymca @worldymca #diversity #inclusion #equity - Views are my own.,...Hawaii.New York.Chicago...,None,None,False,1903
2018-01-16 18:09:25,953328350352715776,MyBellaNotte,AngelBella,0.1,"Artist from a town w/no shoe stores. Most of my time was spent barefoot treading thru the miniscule world of spiders, snakes and all things hiding in the grass","SC, CA, 95062",None,None,False,95
2012-07-01 09:16:15,623580580,SommerBommer,pitoucan,0.4,21/â™€/cat and toucan enthusiast ~â¤ï¸neferpitouâ¤ï¸and ğŸ’šsailor jupiterğŸ’šare my most beloved (occasionally nsfw/personal) ğŸ’œtfw bf @forgek_ğŸ’œ,"Fredericksburg, VA",None,None,False,191
2011-08-04 02:00:19,348212332,allie_bythesea,Allie,0.125,"Writer, California dreamer. Supporting member of HWA @horrorwriters","Chandler, AZ",None,None,False,697
2018-04-28 05:43:06,990104095758471169,yuspiel,fuu ğŸ’,0.0,in this world it's yeet or be yeeten â€¢ @satoumatsuzaka â™¡,space,None,None,False,13
2012-08-08 00:38:07,744075270,KpsycoKid,Metro boomin - quiero un poco mÃ¡s de negro,0.1,professional nonprofessional,Nebruo,None,None,False,187
2018-03-17 23:52:37,975157989400305666,exomIine,ğ“,0.0,None,hell,None,None,False,397
2009-11-27 05:12:21,92907532,scoggins6,Scoggins,-0.04,"NASHVILLE, TN. Soccer Coach. Mental Health Coordinator. Retired Collegiate Athlete. Advocate for Suicide Prevention and Mental Illness Awareness.","Nashville, TN",None,None,False,424
2014-06-25 22:36:54,2642000607,thebookofjordan,Jordan,0.0,"*cries in Wakandan* #BLM, bisexual, she/her",UT19  Texas Speech  Moody,None,None,False,606
2014-01-18 22:24:50,2298608443,brookefisherrr,baby b,0.433,"7.26.16 rest easy, TğŸ’•",AK,None,None,False,1219
2013-06-04 20:54:30,1483230276,Mr_Pullit,3FoWeeğŸ¥€,0.0,#RipMommağŸ’”,ğŸ’°ğŸ’°ğŸ’°ğŸ’°,None,None,False,3847
2009-02-23 02:39:49,21624327,EdGalvez,Ed Galvez,0.085,"I play Jovan in @AmigoUndead , Marty in @BrandNewOldLove ,  New stand up Album You Deserve it! https://itunes.apple.com/us/album/you-deserve-it!/id1076709453",Los Angeles,None,None,False,3866
2012-04-17 00:52:40,555552169,elorm18,MVP,0.0,global leader,None,None,None,False,987
2016-11-05 21:54:48,795021571622510592,Justintime8519,Kylo Rens Chest,0.0,Who even is?,"San Francisco, CA",None,None,False,7
2018-01-21 05:11:58,954944636073795585,evlyricsbot,Ev lyrics bot,0.0,"Evanescence lyrics bot, tweeting lyrics every 30 minutes.",None,None,None,False,6
2017-03-22 01:01:00,844353181480108033,abd_ijtihad,Ben David,0.0,IOI Adsumus #NobelForTrump2018 #BoycottUKforAlfieEvans,None,None,None,False,2393
2017-04-26 15:58:12,857262545517793282,middlemizt,daisy,0.0,i testify like a lullaby of memory [fan acc],marvel  bts,None,None,False,56
2008-12-12 19:58:35,18084285,moonsmoocher,Madison 99,0.3,"Madison Rose, she/her. // ğŸ’™ @GalactaQ",Oregon,None,None,False,45
2017-08-28 20:21:49,902264981848289281,kaee_naviaa,princess .vibes ğŸ‘‘ğŸ’•,0.0,ğŸ’• ğŸ¤ğŸ½Lifee ainâ€™t tied with a ğŸ€ ğŸ—£long liveeğŸ˜”ğŸ¥€.Gino & jermaine ğŸ˜‡â£ï¸. (Redâ€™s wifeyyy till death do us apart ğŸ’),Mobile,None,None,False,905
2018-04-18 04:48:42,986466527011573760,sknusooyoung,sooyoung!,0.102,"journalism major! part of swimming, archery, soft ball, the newspaper club and bookclub!",dohwan â™¡,None,None,False,56
2009-04-18 23:41:10,33053658,michellesound,cree.bratğŸ¦„,0.125,"Swan River First  Nation,Red River MÃ©tis,gr grandma was an Irish Princess,East Van raised, artist,mom to Ethan Mateo, Aboriginal program asst @Emily Carr U",Coast Salish Territory,None,None,False,630
2007-12-28 13:14:55,11601582,madstudios30620,madstudios30620,0.0,-Google Eddystone Beacons Expert -Local Proximity Marketing Consultant -TaxiTappAtlanta.Site Mogul -IoT/Physical Web Enabler -Android App Developer,"POB #14, Bethlehem, GA 30620",None,None,False,1119
2017-02-11 03:31:47,830257998169767937,yellowconan,ğ’ğ’‚ğ’ğ’…ğ’Š,0.0,â€œIâ€™m the honeybeeâ€,Ë—ËË‹ğŸŒ±ËËŠË—,None,None,False,302
2012-10-01 12:59:51,856338913,caylfranco,cayl #OverthrowDuterte,0.0,food & hugs  @_Hataw @WATAHph_ @upsdc,None,None,None,False,1248
2012-01-02 19:30:55,453286121,loraese,Lora`ato,0.025,"I wake up early, 5 times a week to save lives all day long ğŸ˜Š",None,None,None,False,3906
2017-05-16 00:35:11,864278018432348160,TrepanationCunt,TrepCunt,0.0,On a mission to save Subaki,Hoshido,None,None,False,42
2017-06-03 15:59:03,871033495895801857,Diamond_Jax,Jax âš¡ï¸,-0.042,"Peace, Equality, Science. Take care of each other and Momma Earth. Do No Harm, Take No Shit.âœŒï¸ğŸ’™ğŸŒ http://BeyondMirth.com","New York, NY",None,None,False,628
2018-03-30 08:44:21,979640460271603712,Selikemcephas1,Selikemcephas,0.0,KARMA IS A MAN YOU CAN NEVER DECEIVE.,Ghana,None,None,False,35
2012-01-07 17:57:11,457679596,ETONAMMENSAH1,Bob Etornam Malik,0.0,a simple Rastaman...,Ghana,None,None,False,414
2008-07-23 18:59:52,15569876,melindaville,Melinda Tylerâ„ï¸â„ï¸ğŸŒŠğŸŒŠ,0.175,"#FBResist #metoo #Blue2018 Survived child sex abuse, the sex industry, & heroin. Now, Iâ€™m a psychologist & author. 1st novel: The Purified. WIP: Erotic mystery",Boston and San Francisco,None,None,False,1498
2018-04-24 17:22:15,988830492454785025,notsonormalnow,Not The Girl Next Door,0.175,Opinionated and Firm Believer in Grit. Sometimes I say controversial thingsâ¤ï¸ğŸŒğŸ‡ºğŸ‡¸ğŸŠ,"Krasnovia, USA",None,None,False,66
2016-10-18 01:59:17,788197729419796480,DelusionalXGoon,Kai Darlington,0.1,'hÑ” hÎ±s mÑ” wrÎ±ppÑ”d Î±rÏƒund hÃ­s lÃ­ttlÑ” fÃ­ngÑ”r Î±nd Ã­ hÏƒnÑ”stlÑ‡ dÏƒn't mÃ­nd Ã­t' 16 year old Gonnie living on the Southside //Roleplay/fake account//,None,None,None,False,307
2013-01-24 20:37:11,1117702423,TokeSignals,Toke Signals,-0.226,"Your source for uncut, uncensored, non-corporate-controlled cannabis news. Editor: Steve Elliott @alapoet , author of The Little Black Book of Marijuana. No DMs","Olympia, WA",None,None,False,5033
2014-03-11 14:04:05,2383776877,BlavkBrady,Papa Brady ğŸ‘¹ğŸ¤“ğŸ‘´ğŸ¾,0.0,PerryGa â€¼ï¸AMOSC:Bigbrady_baby5 IG:@Blavkbrady somewhere trying to get the next nigga dollar ğŸŒšğŸ¤‘,Somewhere rollin,None,None,False,1469
2011-05-24 14:57:11,304454012,jiminiesheart,Î¹Î½Ñƒã‚›,0.0,"ğ– ğ—Œ ğ—ğ–¾ ğ–½ğ–ºğ—‡ğ–¼ğ–¾ğ–½, ğ–¨ ğ–¿ğ–¾ğ—…ğ—… ğ—‚ğ—‡ ğ—…ğ—ˆğ—ğ–¾ ğ—ğ—‚ğ—ğ— ğ—ğ—ğ–¾ ğ—ğ–ºğ—’ ğ—ğ–¾ ğ—†ğ—ˆğ—ğ–¾ğ–½; ğ—Œğ—…ğ—ˆğ—ğ—…ğ—’ ğ–ºğ—‡ğ–½ ğ—ğ—ğ–¾ğ—‡ ğ–ºğ—…ğ—… ğ–ºğ— ğ—ˆğ—‡ğ–¼ğ–¾ ì§€ë¯¼ @hearttpjm",Vâ„¢,None,None,False,11920
2017-05-01 23:12:13,859183706757574656,dumb_x,I don't know,0.0,Hello! We are BeardTan!,Kuwait,None,None,False,162
2017-07-27 02:15:00,890395064110919684,anpanmangguk,div  è½‰,0.0,"'you're a fan of kpop-' 'of bts.'  -shawn mendes, 2k18    fan account","bts, britt, gemma, sami ğŸ’",None,None,False,973
2017-07-06 14:49:19,882974749114191872,its_salma04,ã€ŠitsSalmaã€‹,0.825,lets fly with our beautiful wings - BTSğŸ’œ ã€Šfan accountã€‹â˜† @bubblextae is the v to my minâ¤,somewhere,None,None,False,274
2011-12-02 13:57:13,426635089,alex_scoot93,Million flaws,-0.6,but how would you describe how you felt if you felt numb inside...,always in my heart -jonghyun,None,None,False,871
2012-01-19 05:12:05,468096944,Mu_Gii21,MuGi,0.0,Hello. I'm an A.R.M.Y! (fan account),None,None,None,False,812
2018-01-23 08:19:40,955716650350927872,Andy_Chimmy,Park Â°ChiminÂ°  Â«AndyÂ»,0.217,STRONG POWER THANK YOU #iVoteBTSBBMAs  ~ Living with the constant fear that BigHit will drop something anytime ~  #ë°©íƒ„ì†Œë…„ë‹¨     fan account,"'I'm in your heart, hyung'",None,None,False,448
2016-11-29 14:16:38,803603579705638912,accioobangtan,i love xen and sof so whatğŸŒ»,-0.167,Iâ€™m half a heart without you,ğŸŒˆâ„¢,None,None,False,1263
2017-12-26 16:35:45,945694633673347072,Karolin15863385,poor carrot,0.25,kpop is my destiny ps.i have a lot of bias but Namjoon is my one and only love,None,None,None,False,17
2018-05-15 04:56:52,996253053262049280,ForBTS11850063,For BTS,0.0,Fan Account for BTS  RA:@_Kateee16  Vote BTS for BBMAs!!,"Victoria, Central Luzon",None,None,False,11
2018-05-02 13:59:05,991678463592448000,Taeengyy,neyğŸ­,0.578,No words can describe how i love bts!! ğŸ’œ  (the memes were I tweeted I want to say thank you guys & Ilysm and credits to u :) to your funny memes ğŸ’œğŸ’«),Genius Lab,None,None,False,23
2018-05-14 10:30:38,995974661568647168,wyborne1,wyborne,0.0,dunno,None,None,None,False,4
2013-05-03 03:03:25,1398723259,crlajade,eurydycÃ© . âœ¨,0.0,Christ's Public Accountant x ARMY ğŸ‘‘,"Cabanatuan, Central Luzon",None,None,False,28781
2017-09-04 14:18:29,904710259440214017,lytear249,LY Tear,0.0,None,None,None,None,False,4
2018-05-15 11:05:49,996345903194824704,doseofsuuga,yoongenius,0.0,VOTE FOR BTS / OT7 ğŸ’,None,None,None,False,8
2017-09-02 13:29:58,903973274069106688,ArmyxShield,ì§€ë¯¼â‹†ë¯¼ì£¼,0.5,"ğŸ‘‘ ë°©íƒ„ì†Œë…„ë‹¨ & í‚¨ ğŸ‘‘ i Love You Jiminie~ , Minju-Ah~ (â™¡Ë™ï¸¶Ë™â™¡)",Morocco,None,None,False,483
2017-04-30 02:04:38,858502322485317632,pasd1599,taetaeâ€•â€•6,0.0,None,None,None,None,False,38
2017-10-19 16:19:47,921048241378119680,vkooksuperior,Alina,0.0,None,None,None,None,False,5
2017-05-05 16:24:34,860530671609028609,namjoooontrash,min!,0.0,None,None,None,None,False,1
2013-03-28 10:20:49,1310109770,jillianessi_,fake love,0.0,i stan everybody,jpn,None,None,False,1606
2017-04-24 16:54:44,856551997327024128,bangtanesque,a.e ğŸ”¥ #iVoteBTSBBMAs,0.0,started from the bottom and we still goin up // bts fanacc,O42817  ph,None,None,False,166
2018-05-15 12:27:46,996366527799558145,breadgenie8,breadgenie,0.0,None,None,None,None,False,0
2016-01-28 07:01:46,4856370569,lightfulpjm,;,0.0,humanity sucks and doesn't worth saving  bangtan sonyeondan,deantrbl;,None,None,False,943
2018-05-15 12:41:40,996370024062377984,IVoteBT88678121,IVoteBTSBBMAs,0.0,None,None,None,None,False,0
2018-02-25 17:56:07,967820516718448641,Rose_Lynn13,Rose,-0.5,BTS obsessed ğŸ’œ,None,None,None,False,6
2018-05-11 10:42:17,994890431061217280,Jiminissexy1,Jiminissexy,0.0,None,None,None,None,False,6
2018-04-30 02:20:21,990777846267166720,crystae_min,Crystae Min,0.0,vote for BTSğŸ“±ğŸ’ª I want army bombğŸ”,Republic of the Philippines,None,None,False,5
2018-05-15 12:35:37,996368503195107328,KimTaeh06549544,Kim Taehyung,0.0,None,None,None,None,False,1
2018-05-15 11:37:59,996353998029385729,JacobaTifany,Tifany Jacoba,0.5,I LOVE BTS,"Quezon City, National Capital",None,None,False,2
2017-05-02 04:16:11,859260202012491777,dontleave_me000,joonğŸ’–,0.0,fangirling duties,"Seoul, Republic of Korea",None,None,False,29
2017-05-13 11:32:13,863356200334671873,mygentleman39,MYGentleman,0.0,#SUGA is my gentleman,None,None,None,False,0
2018-05-15 12:41:49,996370062893240320,dhuvbnhs,Dhuvbnhs,0.0,None,None,None,None,False,1
2018-05-15 12:38:59,996369351090421761,kookthebunny2,kookthebunny2,0.0,Fan account of @bts_twt,"Seoul, Republic of Korea",None,None,False,0
2017-05-19 15:54:38,865596567494942724,huggablejoon,mia,0.0,â€” a fan account ; spam,crying,None,None,False,12
2018-04-10 08:39:48,983625584025595906,gukjeonjk,Jk,0.0,None,None,None,None,False,4
2018-05-03 03:55:58,991889076193120256,jjsoyeonn,",",0.0,None,None,None,None,False,9
2018-05-11 03:29:29,994781512011845635,bbbbbbb95344730,babo,0.0,None,None,None,None,False,0
2017-06-24 15:20:28,878633933436473344,kimalia_,Chanyeol red hAir,0.5,HELLO IM IN LOVE WITH TAEHYUNG AND CHANYEOL & SEUNGMIN,"Seoul, Republic of Korea",None,None,False,20
2016-12-29 02:19:41,814294788212080640,ChocolatBomBom_,sweetSugar,0.0,Hello. We're BeardTS,None,None,None,False,4
2017-07-07 09:06:24,883250839258791936,carmel_kasongo,CeekayğŸ€,-0.096,Tough on d outside n soft on d inside ğŸ’–ğŸ’–,"Moncton, New Brunswick",None,None,False,4
2017-11-30 05:01:21,936097797698412545,exobest8,chanyeolâ¤ bts+exoâ¤,0.6,"Rose, IU, Jimin, Taemin, JiChangWook",None,None,None,False,85
2018-04-14 13:22:10,985146194824327168,jebiiyah,É¾ÉÊÇp IM SO HYPE AT THE MOMENT,0.25,"i love art, especially the seven ones [fan account]",ipurpleu,None,None,False,79
2017-07-01 20:55:42,881255010922676224,vantaeryy,ARMYs ğŸ’œğŸ¯,0.0,--,"Daegu, Republic of Korea",None,None,False,43
2017-06-21 11:26:36,877487915550425088,Annkiitaa,Aâœ¨,-0.25,Random teen on the internet,"Mumbai, India",None,None,False,26
2018-05-09 15:41:02,994240839370002432,jeojangclubs,;jaz,0.0,@ilysmsope,None,None,None,False,0
2017-10-16 12:30:29,919903372865449984,xcube_bts,sian do,0.0,None,None,None,None,False,0
2017-03-26 02:11:09,845820388542078976,jham_park,Jamaica Park,0.0,Park Jimin's Wife,None,None,None,False,13
2018-02-03 01:11:11,959595085947023360,Seanita12,AmoreOT7,0.0,"Where there is hope, there is despair -Sea @Titasea95 @anitahyg",Indonesia,None,None,False,715
2018-05-15 12:32:17,996367662824345600,BTSISLI19616624,BTS IS LIFEU,0.0,None,None,None,None,False,4
2017-11-08 12:45:23,928242042236428289,bangtanchups,Min Shooky,0.0,A. to the  G. to the  U. to the  S.  T.  D.,None,None,None,False,6
2016-08-14 00:53:03,764625851908395008,The_Real_Ciel,White Van,0.0,"Get in my white van, I have mochi",None,None,None,False,2
2018-05-15 06:41:42,996279438445760512,jiminie02304982,jiminie,0.0,None,Lao People's Democratic Republic,None,None,False,177
2011-12-04 07:31:24,428019947,jjeonnhana,HANA,0.5,"Wasn't looking for love till I found you, @BTS_twt [Fan Account]",ëŒ€í•œë¯¼êµ­ ì„œìš¸,None,None,False,2686
2013-08-29 23:14:34,1711253293,tokas_akshi,â˜»â˜»â˜»â˜»â˜»â˜».,0.0,~~~~~ http://aminoapps.com/p/c8p0x,None,None,None,False,745
2018-04-29 07:03:08,990486626416685058,cyanaus,spam acc,0.0,yo wussup its ya boi skinny penis @versajins,None,None,None,False,3
2015-12-01 11:19:22,4339186583,uItyoongi93,marigold,0.167,you are doing well. You are strong. You are not worthless. You can do everything.  fan account,,None,None,False,183
2013-02-16 17:49:05,1186950266,shoshmm1,ashwaq,0.0,None,None,None,None,False,53
2018-02-02 15:55:17,959455187399315456,45Ganema,Ganema_45,0.0,None,Ø¯ÙˆÙ„Ø© Ø§Ù„ÙƒÙˆÙŠØª,None,None,False,40
2015-12-31 13:46:24,4683272976,khanhhuynxx,Huyá»n,0.0,ë°©íƒ„ì†Œë…„ë‹¨   @huyen.avo,Viet Nam,None,None,False,55
2018-05-15 12:06:07,996361080359153666,Bangtan_vmf,Legends,0.0,BANGTAN SONYEONDANğŸ’œ,None,None,None,False,0
2016-06-18 02:58:04,744001203818758144,SarahMarin17,Sarah Marin,0.3,Majoring in elementary education.,Louisiana,None,None,False,33
2018-05-15 11:08:39,996346615182000129,TThyung_Kim,AmeliağŸ¯,0.0,Â°â˜†â€¢.*Â°â€¢â˜†.,None,None,None,False,0
2018-01-24 01:40:47,955978655687036928,jjeon41655,BTS BOT,0.0,bangtan boys stole my jam,None,None,None,False,15
2017-05-23 09:32:56,866950060612792320,anshii_args,Anshi Args,0.5,love yourself,None,None,None,False,7
2017-10-26 18:08:18,923612265970053122,justViki2,Viki,0.0,Vote accountğŸŒ™,Right Here,None,None,False,1
2017-10-16 12:12:31,919898849963061249,DeinName12,Dein Name,0.0,None,None,None,None,False,2
2016-12-25 19:57:19,813111400277114880,hediyeh_horan,Hediyeh Stylinson,0.0,Can you be dagger to my rose?ğŸ’šğŸŒ¹ğŸ—¡ğŸ’™ Directioner?yeah Zquad:yeah Niall girl? Yeah Louis girl? Yeah Larry shipper? Yes AFğŸ˜,None,None,None,False,3
2018-01-10 16:07:16,951123283767947265,apex_eadlyn,Botmy ğŸ’œğŸ’œ,0.0,ğŸ’œğŸ’œğŸ’œ,None,None,None,False,473
2018-01-01 04:24:26,947684919425122304,AUchimchimArmy,chiminyyyy,0.0,BTS fan account ğŸ¦„ğŸ’“,None,None,None,False,240
2018-01-03 15:58:55,948584466057850881,MiIsJid,Jid,0.0,A.R.M.Y.,None,None,None,False,9
2018-02-18 13:49:14,965221670859374593,Asd31359521,BurnTS,0.0,None,None,None,None,False,2
2018-04-02 08:47:18,980728367761666049,brunestunned,min suga mysterious,0.0,None,None,None,None,False,5
2018-02-09 14:22:17,961968497138925568,7BTSxARMY_4ever,ArmyOfBTS,0.0,BTSxARMY on the road to foreverğŸ’œ,None,None,None,False,85
2015-05-31 08:27:18,3231470192,Urvisha97405677,Urvi Shah,0.0,I write.,None,None,None,False,29
2016-09-25 00:26:06,779839358300000257,luisasiso11,LuisaARMYbr,0.0,"Aviso, k-trouxa na Ã¡rea.","Brasil, ParanÃ¡",None,None,False,37
2018-02-11 14:38:30,962697355723120640,suzanne_mesina,Marianne Suzanne Mesina,0.0,None,None,None,None,False,17
2017-03-27 14:50:48,846373945133621249,jeon97seagull,JeonCena,0.0,None,None,None,None,False,78
2016-05-15 10:00:54,731786426950393856,12345mdksj67890,â¤,0.0,None,None,None,None,False,0
2018-05-15 06:24:57,996275221102444544,alexandreine25,lexie,0.7,my happiness is always you ğŸ˜ğŸ˜ğŸ˜,"Calabarzon, Republic of the Ph",None,None,False,31
2018-01-26 23:51:19,957038268964581376,winnie_sero,Winter Rose,0.25,"I love girls, the color red, and velvet music.",Heaven,None,None,False,0
2017-02-16 08:34:12,832146045542871040,Gell_IG,Myzgell Ig.,0.0,~~you made me beginâ¤ ~~kookieeBunnyğŸ˜ğŸ˜â¤â¤  ì „ì •êµ­~~ë…¸ì¸„,PhğŸ‡µğŸ‡­,None,None,False,1381
2013-06-11 17:29:47,1505330744,94justin00,Sandra,0.0,BTS,None,None,None,False,96
2017-04-11 13:08:07,851783924523171840,IaVen283026,Victoria Park,0.2,A girl who loves all people ..my best freind is as weird as me im always good at advice lol...im a fangirl of a lot of things.... I never give up,Tears in bed,None,None,False,25
2015-04-11 06:58:32,3149425927,sweetiepiestae,Ù‹,0.0,ê¹€íƒœí˜•ì˜ ì•„ë‚´  á´‹Éªá´ á´›á´€á´‡ÊœÊá´œÉ´É¢'s á´¡ÉªÒ“á´‡,ğŸ‡ºğŸ‡¸ğŸ‡°ğŸ‡·ğŸ‡µğŸ‡­,None,None,False,17534
2015-01-28 07:40:22,2999118908,expnsivegirl,wrecked,0.0,ğŸ’« - bangtan sonyeondan's illegirl  2ne1 â€¢ exo â€¢ svt â€¢ straykids â€¢ btob â€¢ ikon â€¢ blackpink  fan acc,bangtan's â€¢ PH,None,None,False,949
2016-08-12 16:00:04,764129330926456833,kkukinochu,ã¤ã°ã•,-0.167,ğŸŒ¹ã€ â„“ a l i s a ã€ğŸŒ¹ Some jokes are half meant,Jikook and Soongyu,None,None,False,164
2016-04-27 14:27:34,725330550479691776,ReynSuga,ReynSuga,0.0,BANGTAN SONYEONDAN 130613 160405 ~16.10.10 ~17.02.12 ~17.09.18~17.11.19~17.12.01~18.5.18,PHILIPPINES,None,None,False,175
2014-06-06 17:06:15,2550532273,kazujin124,jinjinjaraâ¤ï¸yoongichi,0.0,i stan vocalist/actor/guitarist kim seokjin and rapper/producer/pianist min yoongi @BTS_twt #yoonjin #SIN 171014â¤ï¸myg noticed me 171213â¤ï¸received ksjâ€™s handğŸ’‹,sin room,None,None,False,323
2018-05-08 06:45:26,993743660184322048,Unknownformylif,LaurenğŸŒ»ğŸ‡µğŸ‡­,-0.087,Life is mess. Jimin is life.,Republic of the Philippines,None,None,False,2
2016-08-07 17:59:08,762347356876578816,N_adjaU,nadja,0.0,ğŸŒ»âœ¨,"Hogwarts, Scotland, UK",None,None,False,26
2017-10-14 01:26:19,919011454182883328,AsmaaSa76683801,Asmaa Saad,0.0,Bts made me#lovemyself ğŸ˜ŠğŸ˜ğŸ˜,None,None,None,False,267
2016-10-08 09:48:42,784691984950755328,yoongiistheloml,valğŸ’“,-0.036,basically all i do is retweet stuff  occasional emo hours  very gay and very sad,they/them,None,None,False,85
2013-03-31 13:40:39,1318419253,Packofcrisps_,HÃ©llodie,0.0,"Dream, Hope, Keep Going, @BTS_twt",None,None,None,False,318
2016-04-21 09:55:59,723087878914490368,JAYAKKAHOPEOF76,ğŸ¦„ kara ğŸ± he,0.25,CALL OUT TO MY FOLLOWERS   TO YOU AM I A SOLO STAN OR NOT ??  FAN ACCOUNT ok twitter,nowhere,None,None,False,637
2018-05-15 11:36:38,996353657997217792,ChristelCrizal3,,0.0,None,None,None,None,False,2
2017-12-22 16:19:02,944240875575525377,Kimzara3,Kimzara,0.0,ì•ˆë…•í•˜ì„¸ìš” ì €ëŠ” ë°©íƒ„ íŒ¬ì´ì—ìš”,Philippines,None,None,False,45
2017-09-20 15:07:42,910520849698099203,Wiktori58251422,sweet.creature28,0.0,Harry's and Lou's baby  BTS stan  ğŸ’™ YoonMin ğŸ’›,Poland,None,None,False,117
2017-07-11 14:22:07,884779843606298627,borntobee98,olivia,0.0,Fan AccountğŸƒ,None,None,None,False,355
2017-07-07 17:25:01,883376316896002048,BuiLegalWife,íƒœíƒœ,0.5,â€œA hug can be more helpful than 100 compliments.â€ ~Kim Namjoon  Fan Account,Bangtan's Room,None,None,False,485
2009-06-16 01:58:56,47511028,rapmon_waifu,SashaD'FuraWolfsbane,0.0,Literally the 9th member of BTS. ARMY is the 8th.,Antarctica,None,None,False,532
2018-01-05 14:17:27,949283708162355200,YGSFAKELOVE,Nidhi loves Fake Love ğŸŒ¸,0.0,None,India,None,None,False,183
2016-07-18 12:52:56,755022542792892416,mrs_chim_chim,ë¯¼ì°¨,0.0,MRS. J.P  ë°• ì§€ë¯¼ ì˜ì›íˆ ì—¬ì ì¹œêµ¬ ğŸ‘‘ PARK JIMIN's WIFE ğŸ‘«ğŸ”A.R.M.YğŸ”ğŸ’£ https://id.pinterest.com/mrs_chim_chim/,None,None,None,False,134
2017-04-19 17:24:08,854747453446291459,Katjaa_Pal,kiitkat,0.0,ğŸŒ¹BTSğŸŒ¹,"Alexandroupoli, Greece",None,None,False,42
2011-02-27 09:52:18,258269835,kimasochist,erinne ğŸŒ»,0.0,7 dudes + styles make this world tolerable,putangina,None,None,False,1642
2017-11-19 11:03:46,932202737147691008,BAEPSAEisfire,dooms,0.437,"I stan the most beautiful, talented, hardworking, loyal, humble KINGS https://www.love-myself.org/kor/about-endviolence/","Attwood, Melbourne",None,None,False,115
2018-03-12 17:19:22,973247087725948929,BreezeShann,#IVoteBTSBBMAs,0.0,"Bangtan son los siete solecitos que me hacen sonreÃ­r todos los dÃ­as ğŸ”†â™¥ // Ama a todos por igual, por que ellos lo hacen con nosotr@s... // Salanghae para todas",Argentina,None,None,False,62
2018-05-15 12:33:11,996367891741093888,angiewha0011_5,angiewha0011â€™s 5th account,0.0,â€¢ @angiewha0011 â€¢ @angiewha0011 â€¢ @angiewha0011 â€¢ @angiewha0011 â€¢ @angiewha0011 â€¢ @angiewha0011â€¢ (@angiewha0011â€™s 3rd account),Australia,None,None,False,5
2015-05-13 16:40:02,3194535488,itsleingheiR_,reigh,0.0,ğŸ”¥A.R.M.Y x ONCE x WANNABLEğŸ”¥,"Sydney, New South Wales",None,None,False,335
2018-02-05 10:39:29,960462878380732416,minyoongs093,SPRING BLOOM,0.0,NOTHING IN THIS WORLD IS GONNA MAKE THIS ARMY DISAPPEAR.... FOLLOW THIS ACCOUNT TOO - .,None,None,None,False,67
2018-01-10 14:44:33,951102468045209600,RRJJJJJJJJJJJJ,Seok Jin,0.0,"Hello,we are International Kpop SensationalSunshineRainbowTraditional TransferUSBHubShrimp BTS",None,None,None,False,104
2018-02-18 03:12:51,965061520991313921,Noorhan39704142,Noor hani,0.0,None,None,None,None,False,13
2018-05-15 12:48:18,996371695635136512,Maryyy76678545,Maryyy,0.0,None,None,None,None,False,0
2018-05-12 03:28:13,995143580409675776,btsSarah095,ğŸ’œJimin,0.0,None,None,None,None,False,13
2013-12-18 09:16:46,2251702824,angelabht16,angela bhutia,0.0,BTSARMY,"sikkim,india",None,None,False,146
2018-02-25 12:04:17,967731977821417477,JeralynPark,Jeralyn Lim Park,0.0,â¤B.T.Sâ¤ PrinCessğŸ”± GoT7ğŸ’š FanGirlğŸ˜ ğŸ’™ParkJiminLegalwifeğŸ’™  ğŸ’šLimJaebumğŸ’š MY JagiYağŸ˜ A.R.M.Y ğŸ’™ AHGase ğŸ’š,"Calauan, Calabarzon",None,None,False,11
2018-04-17 16:51:24,986286011465519104,turtleniel,turtle,0.0,ğŸ¢,None,None,None,False,6
2018-02-09 12:59:28,961947656007254017,Lucifer15138766,Lucifer,0.0,None,None,None,None,False,0
2018-01-15 06:18:58,952787170120499200,Hxr_bunny_kook,KooK Hxr,0.0,#TeamWorkMakesDreamWork  #BTSxARMY,None,None,None,False,269
2015-10-26 02:54:48,4043355382,SilverStarPack,TaliaSkye,0.0,SilverStarPack,None,None,None,False,8
2013-12-18 13:45:21,2252022217,stars_188,cupcakiee,0.0,fan account â¤ï¸,None,None,None,False,160
2013-12-06 11:51:52,2232857666,hyyh_oliv,Olivia,0.0,None,None,None,None,False,129
2017-11-08 14:04:32,928261960654733313,ParkYura93,Park Yura,0.357,Nothing special,Indonesia,None,None,False,17
2018-05-15 12:12:33,996362698563637248,vvvmarshmallow,v,0.0,None,None,None,None,False,0
2017-11-05 04:53:03,927036011309285382,reneboi2,reneboi,0.0,None,None,None,None,False,13
2018-05-15 12:06:31,996361179709636608,BTSTRASHJungko1,BTS TRASH  Jungkook stan,0.0,None,None,None,None,False,8
2018-02-09 11:56:36,961931834593394689,Vinceeeylvs,Singularity is so lit,0.2,Stan 7 Kings  Stand Real Talent  Stan BTS,Zamboanga City,None,None,False,330
2017-05-28 09:58:05,868768329749712896,becauseasia,Magdalena ğŸ™ˆğŸ™‰ğŸ™Š,0.125,"I'm just a simple girl with a silly sense of humour. I love kpop, video games, manga and anime... And everything connected with Asia ğŸ˜ŠâœŒ","ToruÅ„, Poland",None,None,False,28
2016-06-15 08:02:03,742990536450187264,syubminbaby,b a b y y mğŸŒ™,0.5,in love with a sugar cube,None,None,None,False,152
2018-01-08 14:07:20,950368323866263552,rsnowkflakes,rflakes,0.0,None,None,None,None,False,208
2017-12-04 16:08:50,937715326346846209,mochisthighs,viv,0.0,Ë¡áµ‰áµ—'Ë¢ áµáµ‰áµ— á¶¦áµ—  [fan acct.],Seoul (LMAO I WISH),None,None,False,89
2018-01-02 16:13:35,948225768013754368,lovely__joon,kim âœ¨,0.0,namjoon enthusiast !,?,None,None,False,4
2018-03-02 12:48:35,969555063491317760,glen_daaaa,MinxxxYoongi,0.0,Min_SugaaağŸ’–âœ¨,Taguig Philippines,None,None,False,25
2017-05-04 21:30:09,860245184948436992,elephantkth,ashleyğŸ’•,0.0,fan acc !!,None,None,None,False,24
2010-09-14 18:03:59,190730444,RestoreTheRoar6,Drew,-0.15,standing to pee is a young man's game,Michigan,None,None,False,868
2012-08-12 07:27:20,752667176,Miss_B_Miller,â€¢Ò“á´€á´‡Ê€Éªá´‡ á´Ò“ ÊŸÉªÒ“á´‡â€¢,0.0,"Êá´á´œ á´É´ÊŸÊ ÊŸÉªá´ á´‡ á´É´á´„á´‡ Ê™á´œá´›, ÉªÒ“ Êá´á´œ á´…á´ Éªá´› Ê€ÉªÉ¢Êœá´› á´›Êœá´‡É´ á´É´á´„á´‡ Éªs á´‡É´á´á´œÉ¢Êœ. Ê€á´‡á´˜Ê€á´‡sá´‡É´á´›á´€á´›Éªá´ á´‡ á´Ò“ á´›Êœá´‡ á´›Ê€á´‡á´‡ á´Ò“ ÊŸÉªÒ“á´‡. #Ê€á´ÊŸá´‡á´˜ÊŸá´€Ê #á´á´„  writer: #Ò’Î±É›ÑÎ¹É›",Tree Of Life,None,None,False,3472
2013-04-12 01:34:55,1345694256,mc_lively_,Mc LIVELY,0.0,â€¢â€¢ Comedian â€¢â€¢ Events Host/MC â€¢â€¢ Lawyer!! You're not Living if You're not LaughingğŸ˜‡ For Bookings: Livelycomics@gmail.com,Lagos,None,None,False,5825
2013-08-08 20:28:17,1656112260,Mixx_prayze,Ntongha,0.0,Christian. Spoken Word Poet. Content Developer.  IG@ehn_tee,"Lagos, Nigeria",None,None,False,1800
2011-07-14 19:21:23,335488693,Adenle_TopAfric,Adenle R. AdeshinağŸ‡³ğŸ‡¬,0.0,OFFICIAL PR to @iamtgababy Music PromotionMedia HypeCopywriter Blogger Artist Branding  http://AfroBase.net  Topafricmusicvideo Germany. +2348130855748,"lagos, Nigeria",None,None,False,2004
2011-08-27 02:01:48,362832086,magnus_lol,WOLF OF BABCOCK(RTD),0.35,"HEAVEN BOUND,  Loves JESUS, full of surprises",UNKNOWN,None,None,False,951
2012-02-10 19:14:04,488710500,PetfemSpeaks,Peter O. ELUDINI,0.0,#iConsult  #iTeach #iSpeak #iWrite #teamMUFC #halaMadrid  email: petfemspeaks@gmail.com  bbm: 565E6AE3  IG: PetfemSpeaks,Somewhere in Africa,None,None,False,608
2011-07-22 12:28:00,340268660,thelady_ma,M. U. A,0.033,Social Media Strategist Content Provider Brand/Client Manager Script Writer Showbiz Practitioner  Music/Event/Brand Promoter,"Lagos, Nigeria",None,None,False,940
2012-12-24 21:28:05,1033482894,Emac_Jay,Made In Vom,0.0,Let people see your blessings Before they see your struggles ğŸ‡³ğŸ‡¬,FarNorth,None,None,False,335
2011-09-15 20:01:12,374150002,francis_sani,Francis Sani,-0.3,"Building the future of technology in Africa, one crazy entrepreneur at a time  ...sometimes in Accelerator cohorts @Cc_HUB","Lagos, Nigeria",None,None,False,842
2017-07-14 22:48:26,885994425733611520,JewerHussey,Tamara Hussey,0.0,"Producer, writer, director, actor, composer, musician, mother of 8, entrepreneur, behavioural scientist truth only, antiviolence, antiabuse, equality only!",Global,None,None,False,25
2018-05-06 20:01:13,993219150897139713,SaintComicSaens,Mason W. Hill,0.2,The W. Is An Absolute Necessity And You Don't Need To Know Why.,None,None,None,False,3
2016-02-11 21:09:35,4899354976,Roni4488,Roni ğŸ‡®ğŸ‡±,0.437,"What's good for the goose is good for the gander. Live and let live. No PC, quotas, affirmative action. Best person for the job. Same rights for all.",None,None,None,False,3498
2018-01-30 13:36:10,958333014089523200,VictoriaStarre,Victoria StÃ¡rre,0.0,ğŸŒ» makeup artist and actress ğŸŒ» aussie living in LA ğŸŒ» animal lover ğŸŒ» instagram: @victoriastarre ğŸŒ» business enquiries: victoria.starre@gmail.com,"Los Angeles, CA",None,None,False,51
2015-01-11 15:56:11,2973230313,gumdham,aria,0.5,pt-br/eng/æ—¥æœ¬èª(å°‘ã—) ok âœ¦ priv @htsn39,None,None,None,False,312
2017-11-20 22:55:23,932744206992502784,EddieIsAlive97,?,0.0,@EddieThaHead loves u but I gotta go ghosto ğŸ‘»,None,None,None,False,201
2018-04-30 15:50:21,990981689856978944,Lilian04256758,Lilian,0.195,Writer. Caterer . I love cookingğŸ˜˜ğŸ˜˜... For bookings holla @+2349021475603!!!,Nigeria,None,None,False,7
2018-04-02 22:48:51,980940151814836224,Tank_Weeb,Jack Lewis,-0.333,I'm a Tank obsessed weeb. History obsessed too. heartless and godless.,Earth,None,None,False,107
2018-05-14 07:04:10,995922704623484928,Jessica52158243,,-0.6,Crazy dog lover,Northern Kentucky,None,None,False,6
2018-05-11 22:44:33,995072192713973760,richinsjerilyn1,richinsjerilyn,0.0,simple person loves music it helps me through my life I try and help everyone in anyway I can even when it hurts me kindness is everything and music!!!,"Nevada, USA",None,None,False,37
2015-11-12 12:10:48,4171164622,rickyng2005,Carolyn Flannagan,0.0,Gamer  MARVEL fan. check my last tweet,None,None,None,False,2
2010-07-28 21:11:48,172073039,DougieG62,Doug Goldsmith,0.0,None,None,None,None,False,17
2016-07-18 18:09:06,755102105367564289,theCVGayCary,Octoberâ€™s Own,0.045,"I'm on a new level in life. Just vibing through. I just leveled up, can you handle player 2?","California, USA",None,None,False,229
2018-05-09 01:34:01,994027679690248192,Christe70872575,Christen lasley,0.362,My name is christen and I'm 31 years old.  Im from Knoxville Tennessee and have 2 beautiful children that r the light of my life.,"Knoxville, TN",None,None,False,21
2018-04-15 23:29:08,985661327883595776,Camila41347820,Camila,0.0,None,"New York, NY",None,None,False,7
2017-09-29 14:38:03,913774878863581185,WarpedAtom,Warped Atom,-0.031,"Almost The Entire Universe is Empty Space, Even The Atoms In You're Body! ğŸ’­ Introvert, Aspie and Expert Proficiency in a Multitude of IT from C# to Photoshop.","Helsinki, Finland",None,None,False,2
2017-02-02 00:51:07,826956075496771585,DJMaurice71,Abe Lincoln,0.25,"Love God, family & TRUMPtrain Expose & Remove the Deep State agenda, Trump haters, Liberals, Pedophilia, Drugs and Fed.Reserve",U.S.A.,None,None,False,236
2013-12-17 01:55:40,2249626422,PeeyushGautam25,Peeyush Gautam,0.0,None,None,None,None,False,322
2016-12-15 16:33:36,809436252873207808,connor_sincere,Sincere Connor,0.0,Producer. Artist. Cinematography.,"North Carolina, USA",None,None,False,38
2017-03-26 05:27:54,845869898844684288,Dj77004166,Dj the pro gamer,0.0,None,None,None,None,False,18
2018-04-24 14:08:41,988781779015294977,MIRAIZIN3,æ‰æœ¬åšæ–‡,0.0,å…¨å›½webã‚«ã‚¦ãƒ³ã‚»ãƒªãƒ³ã‚°å”è­°ä¼š å¿ƒç†ã‚«ã‚¦ãƒ³ã‚»ãƒ©ãƒ¼ å¤ç‰©å•†ã®è¨±å¯ã‚ã‚Š è‘—è€… å®¶æ—ã¨å…±ã«ç™’ã™ä¸ç™»æ ¡å¼•ãã“ã‚‚ã‚Š æ–‡èŠ¸ç¤¾ DK.WALKES https://youtu.be/gzh0JPQcTAY ã‚«ãƒ©ã‚ªã‚± DAM ã‚¸ãƒ§ã‚¤ã‚µã‚¦ãƒ³ãƒ‰ LINE ID miraizin3 #ç›¸äº’ãƒ•ã‚©ãƒ­ãƒ¼ CDå¤šæ•° æµå‡º,æ—¥æœ¬,None,None,False,418
2017-12-14 19:49:25,941394717157322753,Paraiba8279,Paraiba II,0.083,ğŸğŸŒ¹I still believe in DreamsğŸŒ¹ğŸ   @paraiba82 & @paraiba827 Main Account. ğŸ’ŸğŸğŸ¤ğŸ¨ğŸ®ğŸ«ğŸ­ğŸ°ğŸ’ğŸ‡ ğŸ’ŸğŸ’…ğŸ’„ğŸ‘—ğŸ‘ ğŸ‘œğŸ‘›ğŸğŸ¨ğŸ¼  ğŸ’ŸğŸŒ¸ğŸŒ¼ğŸ€ğŸŒ·ğŸğŸšâ›…ğŸŒŒğŸŒˆ ğŸ’ŸğŸğŸ¾ğŸˆğŸ¾ğŸ©ğŸ¾ğŸ‡ğŸ¾ğŸ,MÃ©xico,None,None,False,1011
2018-05-14 11:53:51,995995603879411712,BishnuP00214387,Bishnu Prasad Patra,0.0,None,None,None,None,False,11
2018-03-30 14:45:54,979731446620401665,David64009,David,0.0,PolÃ­tica PolÃ­tica y Gobierno FÃºtbol TelevisiÃ³n La Liga Deportes,"Madrid, Comunidad de Madrid",None,None,False,58
2018-05-15 09:40:06,996324332111462400,6LofxP9Diw9eZom,æœ±é‡Œ,0.0,å›½éš› å›½éš› å›½éš› å›½éš› å›½éš› å›½éš›,æ—¥æœ¬,None,None,False,1
2018-05-14 16:58:04,996072160698478593,Q70809279,Q,0.0,None,None,None,None,False,1
2017-12-04 08:21:15,937597654971727872,XuXu_999,MinMin__95,0.0,ğŸ’•ARMY â¤ï¸BTSğŸ’• ~ Fan Account @Bts_twt,"HÃ  Ná»™i, Viá»‡t Nam",None,None,False,20
2011-09-20 00:36:30,376503230,Mted21,ğŸ‡¹ğŸ‡ªğŸ‡©,0.0,@6BillionPeople @MixMastaKing @DRJAMESCABOT @benlandis @ERNESTZorro @LollyDaskal @oguzatbas @ArabicBest @3tlll @liferdefempire @fahadhejazi @TheTopVideo,Indonesia,None,None,False,74674
2018-04-23 20:07:56,988509797602426886,MeMyselfandIinc,"Me,Myself&I Inc",0.0,"Marketing&Finance combined with Sports&Entertainment. Investing in people, ideas, stocks & business ventures #powermovesonly #payitforward @Wborland21","Kentucky, USA",None,None,False,460
2016-12-06 12:20:24,806111042732486657,golden__hair,ğŸŒ¹DENISE.81 ğŸŒ¹,0.136,The truth you believe and cling to makes you unavailable to hear anyting new NO DM ğŸ¤˜@wildlife_68 @Redcloud_18 @Canned__Heat1 @Dead__Flowers7 @Sweet__Leaf_,None,None,None,False,18554
2016-02-09 10:40:56,4891581184,Luuk_vanHouten,Luuk (Salty),0.0,Salty is my second name,"Deventer, Nederland",None,None,False,17
2017-05-21 15:17:13,866311927525330946,classical_noyon,Classical Noyon,0.44,I Love Cricket....I love my Family I love traveling..I Love you too much?,Bangladesh,None,None,False,116
2016-02-17 16:31:58,4921677440,misteruebear,Ue araheu,0.0,INFP Ã— I write the pain of the world,None,None,None,False,9
2018-05-13 23:37:32,995810304247332865,ysnWXrudg8vxWVn,ROSIE Elizabeth,0.0,IN GOD WE TRUSTğŸ‡ºğŸ‡¸ GOD BLESS AMERICAğŸ’•,None,None,None,False,14
2017-07-14 22:02:31,885982867540627456,Jade007Curtis,Jade Curtis,-0.025,"Gamer, sci-fi fan, owner of Butterfly Crochet. Animal lover. mental illness survivor. YouTube: blue.jay.gaminguk","Beccles, England",None,None,False,45
2017-09-22 11:22:02,911188835488485377,PUNC_ellie,Eleanor Shelley,-0.1,1st Year Student Mental Health Nurse - Plymouth University ğŸ‘©ğŸ¼â€âš•ï¸ Team GB Underwater Hockey ğŸ‡¬ğŸ‡§,"Plymouth, England",None,None,False,134
2017-12-14 03:11:49,941143661382918145,kiki23372,Tiny One,0.0,None,None,None,None,False,28
2018-04-11 14:08:09,984070600107831297,Carissa0193,CarissaM.,0.0,None,None,None,None,False,6
2017-05-21 05:45:13,866167978173321216,babymonsterlife,little monster,0.0,"Only kindness. A Fan Account. Can't wait for @ladygaga & #BradleyCooper starring, #AStarIsBorn #LADYGAGA #LG6",None,None,None,False,62
2013-03-11 17:25:41,1259985410,creeasion,MusicMatch2Love.com,0.0,musicmatch2loveE-Magazine,Los Angeles,None,None,False,1162
2018-04-13 05:27:21,984664313309859840,GamesOfCreation,AUM Vishnu Michael Mikail,0.0,"Ignite your life with the #grace and #divinity of the fire of creation. Loves #Startups. Commander Gods Army, Host of AUM (Creation, YinYang)","Bengaluru, India",None,None,False,21
2018-03-14 08:09:41,973833531767083009,WELLAdvisers,WELL,0.0,Embedding health and wellbeing at the heart of your organisation.,South Africa,None,None,False,14
2010-12-06 17:01:42,223529187,TMR_Madrid,Tanjil,-0.05,"Man is most dangerous when he's empty-handed because when you take everything away from a man, that man ends up fighting with nothing to lose.","London, England.",None,None,False,168
2012-05-28 12:08:45,592672588,NEBLINAbiz,NEBLINA,0.3,Intergenerational Media with safe family viewing ethic - http://croydonTV.co.uk Passion in elders alternative retirement living & young people's care homes,"London, Cardiff, Leicester and Cyprus",None,None,False,3077
2013-10-11 02:25:18,1953073374,srinualme,Srinual Meepengjan,0.4,"I love the King of Thailand , love animals, nature, sea, love  Friendship Peace & Freedom  love justice (No naked No porn)",Thailand,None,None,False,30508
2018-05-10 23:54:13,994727340298010624,shhhreyyy,shhhreyyy,0.259,"Be smart or be shrey  Knj, Irene & Sunmi  movie/sitcom buff & I write for a blog! I really love tv-show related memes.",None,None,None,False,26
2017-10-20 04:34:36,921233162738401285,MehtabKaladiya,MeHtAb RoCkS,-0.25,A small youtuber with 500+ subscribers and i also play FIFA mobile everydayğŸ™ğŸ™.Pls watch my website below and pls follow me and i will follow u backğŸ˜‡,"London, England",None,None,False,69
2017-10-14 07:03:31,919096310812246017,youthisb1,Malik Imran PML_N,0.167,Secretary Information PMLN Isb Lover of MNS & MNS. Member SMT Isb. I love u mein sb.... l love u mein sb.... l love u mein sb....,"Islamabad, Pakistan",None,None,False,765
2018-04-30 18:28:25,991021468116049922,OfficalBelle_IE,Belle,0.0,None,None,None,None,False,9
2014-08-21 11:29:53,2751962035,Brendambrad,Brenda Bradley,0.0,None,High Peak,None,None,False,84
2018-05-02 09:51:25,991616140123234304,VickiSm18009689,Vicki Smith,0.0,Space News Space News Science News Digital Creators Gov Officials & Agencies Politics Tech News Gaming News Hip-Hop/Rap Music Humanitarian,"Georgia, USA",None,None,False,27
2010-07-13 16:50:33,166221740,LadiLegacy1,May18 ğŸ‚ğŸ’‹ğŸ‘‘,0.0,#TPFP #PinoGirl ğŸ‡µğŸ‡­ #Gamer #GetFit #MotivationalLeader Currently in School for Nursing ğŸ˜,PARADISE,None,None,False,4682
2017-03-28 07:45:54,846629406693056514,TOLDGOLD,NGO,-0.1,An Outreach To Empower The Mentally Challenged  Jasrel47@gmail.com,Nigeria,None,None,False,20
2010-06-08 07:38:16,153327674,StackyforEssex,Stacky@Chelsea,0.0,My Name is David Stackebrandt... Short:Stacky ! working as Blogger/Author... #Gucci is #Life #GeneralHospital #soapaddict #GuidingLight,None,None,None,False,4533
2018-01-26 09:38:54,956823753530531841,Simon_71uk,Simon,0.15,"Food, ( Aston villa fan ) sport, business.  would like a second vote on the EU.. let's be honest, it's gone pete tong.","England, United Kingdom",None,None,False,36
2016-12-08 20:04:04,806952504797839360,ZZsheyn,Zhanna,0.0,"News and Views from around the ğŸŒ globe! ğŸğŸˆğŸ€ğŸŠğŸ‰ğŸ“«ğŸ“šâœï¸â¤ï¸ğŸ’›ğŸ’šğŸ’™ğŸ’œğŸ’ğŸ’˜ğŸ”†ğŸ¤ğŸ¯ğŸ¹âœˆï¸ğŸ›³ğŸŒ ğŸ‡ğŸ† Svetlyac Promoting art, music, literature ğŸ˜€ğŸŒºğŸğŸŒ³ğŸŒ³ğŸ¦‹ğŸ¦„ğŸ¦†ğŸ‡âœ³ï¸ğŸŒˆğŸ‘","New York, NY",None,None,False,9544
2013-07-04 01:10:24,1567055767,enrirosasdiaz,enrique rosas diaz,0.0,Nuevo Paradigma EconÃ³mico para la Humanidad.  Nueva Arquitectura Financiera Mundial. Â¡ N0 a la W.W.III! Prevalencia  Leyes OntolÃ³gicas  evoluciÃ³n Universo.,Lima - PerÃº.,None,None,False,590
2016-07-20 09:23:47,755694681586040832,mkhuselinyamfu1,Mkhuseli Nyamfu,0.0,Mr want it all,Johannesburg kempton park,None,None,False,20
2018-02-04 23:53:40,960300353362243584,KatiaBlakemore,Dubh,0.0,thu fhÃ¨in,pÃ irtean gun fhios,None,None,False,86
2014-02-19 18:27:45,2352083388,heyltsdani,Daniela Alexandra,0.0,"Love indie music, books, cats, languages and vintage stuff. Sometimes I write silly stories and poetry  â˜¼ English teacher â˜¾","Here, there.",None,None,False,125
2015-08-09 03:49:05,3409687661,milcanotmilka,Milcaaaaaaa ğŸ’›ğŸŒ»,0.0,None,"Newark, NJ",None,None,False,296
2017-06-07 02:28:21,872279027376979968,MituYuzi,ã“ã“ã‚ãƒ³YZch,0.0,YouTubeã§å‹•ç”»ã‚’é…ä¿¡ã—ã¦ã¾ã™ã€‚éŠã³ã«æ¥ã¦ä¸‹ã•ã„â™ªæ°—ã«å…¥ã£ã¦è²°ãˆãŸã‚‰ãƒãƒ£ãƒ³ãƒãƒ«ç™»éŒ²ã‚„ã‚³ãƒ¡ãƒ³ãƒˆã‚„è©•ä¾¡ã‚’ãŠé¡˜ã„ã—ã¾ã™ã€‚ç›¸äº’ãƒãƒ£ãƒ³ãƒãƒ«ç™»éŒ²ã—ã¦ãã‚Œã‚‹æ–¹ã‚‚å‹Ÿé›†ã—ã¦ã¾ã™å¸Œæœ›ã®æ–¹ã¯DMã§ãŠé¡˜ã„ã—ã¾ã™ã€‚å›ºå®šãƒ„ã‚¤ãƒ¼ãƒˆã‚’RTã‚‚ã—ã¦è²°ãˆãŸã‚‰å¬‰ã—ã„ã§ã™ğŸ˜†,JapanğŸ‡¯ğŸ‡µHiroshima,None,None,False,2254
2017-12-08 16:24:38,939168855255109632,billyruss0,Alex Barragan,0.0,business owner/blockchain enthusiasts/ NBA fantasy expert,"Houston, TX",None,None,False,36
2014-02-23 20:22:07,2361535131,Rubylou272727,Ruby Lou,0.0,"Atheist, humanist, socialist.",None,None,None,False,210
2018-05-11 07:18:44,994839204512325632,Khalifascout1,Khalifa,0.0,Blind.silhoette,None,None,None,False,1
2018-03-17 09:55:35,974947345598042113,IvanTrumpovic1,Ivan Trumpovic ğŸ‡¦ğŸ‡ºğŸ‡­ğŸ‡·ğŸ‡ºğŸ‡¸ NO MORE WAR!,-0.028,"#MAGA. Followed by, fellow deplorables & @KyleKashuv. List=Blocked. Critical thinking over blind following. I despise Neocons. #AmericaFirst.","Sydney, Australia",None,None,False,11424
2018-03-08 18:46:03,971819348699443200,uzuki_o,uzuki,0.0,å®‰å¿ƒã®å¤§æ‰‹ã‚µã‚¤ãƒˆã§300å††ï½è³¼å…¥ã§ãã‚‹å¤§äººå‘ã‘Hãªå‹•ç”»ã‚’ã”ç´¹ä»‹ã—ã¾ã™ã€‚ ç§ã®ãƒ–ãƒ­ã‚°ã«ã‚¢ã‚¯ã‚»ã‚¹ã—ã¦ãã‚Œã‚‹ã¨ä¸€è¦§ã§è¦‹ã‚Œã‚‹ã®ã§ä¾¿åˆ©ã«ä½¿ã£ã¦ã‚‚ã‚‰ãˆã‚‹ã¨å¬‰ã—ã„ã§ã™ğŸ„ #ç›¸äº’ãƒªãƒ„ã‚¤ãƒ¼ãƒˆ ã€€#ç›¸äº’ã„ã„ã­ã€€#ç›¸äº’ãƒ•ã‚©ãƒ­ãƒ¼ ã€€ã—ã¦ãã‚Œã‚‹æ–¹ä»²è‰¯ãã—ã¦ãã ã•ã„ğŸ’,TOKYO,None,None,False,674
2018-05-15 07:27:32,996290972014272512,lilSleek1,Blow ğŸ˜¤,0.0,None,Nigeria,None,None,False,6
2009-08-03 15:33:13,62540803,tetapoli,tetapoli,0.125,"communicator, foil fencer, landscape architect, sailor... not necessarily in this order. + wsurfer in the making ;)",None,None,None,False,1297
2014-03-03 21:58:52,2370991586,MultiTaskingCat,MTC ğŸ±,0.25,Cat-loving Xian. Love cats. May or may not have kitty genes. Love cats. Meow. Did I say I love cats?,None,None,None,False,1873
2016-06-22 17:23:11,745668466745745409,fluffybunny6677,JacksFilmsIsFinnaWoke,0.0,None,You Donâ€™t Need To Know,None,None,False,38
2009-06-07 00:01:21,45243787,ladyreaderstuff,// Amy //,0.033,"I dig //music// books, tattoos, summertime & thunderstorms. Literary Publicist. Book Pimp.","Atlanta, GA",None,None,False,4978
2012-10-29 20:17:22,913168051,LeagueRainbow,The Rainbow League,0.0,"Promoting self-empowerment, self-reliance and self-determination among the worldâ€™s people.","Long Beach, CA",None,None,False,451
2012-04-30 23:17:36,567728178,mooney_rachael,Rachael Mooney,-0.125,"photographer, amateur rock climber, and constant sugarcoater â˜• GVSU â€˜20 âš“",None,None,None,False,258
2015-07-09 15:38:33,3367849660,gladoshype,hi iâ€™m paigeâš¡ï¸,0.258,"Former @FemHype Social Media Nerd. I love my sister, @jillifran!âœŒ #RIPREUBEN #ProtectJohnDoe ğŸ’–ğŸ’œğŸ’™","Arcadia Bay, OR",None,None,False,237
2011-09-03 04:22:29,366968661,JKacz84,Reciting My Mantras,0.096,Scrapper. Survivor (Cancer x3). Equality Enthusiast. Strong Sock Game. Sport Industry Stu/Pro. ğŸ’¯Buffalonian. Striving every day to make my best better.  ;,"Normal, IL",None,None,False,391
2017-05-16 00:35:11,864278018432348160,TrepanationCunt,TrepCunt,0.0,On a mission to save Subaki,Hoshido,None,None,False,42
2017-12-04 11:53:21,937651031315447809,painrider22537,PainRider,0.0,Vet. Divorced. Contact via painrider22537@yahoo.com,"Harlingen, TX",None,None,False,243
2016-03-20 05:43:44,711427986629730304,IGotArmmyL,KPOPADDICT,0.4,Directioner & Proud Since 2011 ARMYxBTS KPOP ADDICT  MADRIDSTA Mixer WWE Teen Wolf  Animal Lover  PotterHead,"Dubai, United Arab Emirates",None,None,False,276
2014-10-11 19:00:24,2823388654,magnet1sed,fake leonardo dicaprio,0.0,Asda Basic Connor Murphy she/they,"Italy, the mid-eighties",None,None,False,257
2012-03-29 01:52:51,539566388,lakenisloca,Barbara,-1.0,it won't be boring,"BR, LA",None,None,False,175
2009-09-23 20:14:32,76743311,TreDay421,David Fizdale Stan #33,0.0,Cincinnati's Adopted Son #WhoDey ğŸ¯#BBN ğŸ”µâšªï¸#BigRedMachine ğŸ”´âšªï¸ #KnicksTapeForever Founder/Owner/Editor for Kreataplaya Blog,Atlanta,None,None,False,500
2013-08-29 16:15:10,1710415580,Drdannyh,Danny,0.0,None,UK,None,None,False,38
2016-06-20 18:47:52,744965003049050112,nthnbutathief,J,0.0,I'm a lewd dewd @chibasquittle  Aspiring #EarthPunk #BlackLivesMatter,None,None,None,False,81
2018-04-10 12:21:19,983681330423717888,ghostofhanoi,Spectre,0.8,Proud Knight of Hanoi  18+  plants  @trickstarangel_ ğŸ’™  @knightofhanoi â­ï¸  (IC shitpost account),None,None,None,False,78
2014-06-07 03:36:20,2551589881,HilaryKimMorden,Hilary Kim Morden,-0.5,just another sad PhD candidate slogging towards the finish line,The World,None,None,False,1091
2013-11-27 00:13:37,2216846408,velvetropic,nini â˜†,0.0,ğ–šğ–— ğ–’ğ– ğ–ˆğ–šğ–‘ğ–™ ğ–‘ğ–Šğ–†ğ–‰ğ–Šğ–—,LDR follows â˜…,None,None,False,3394
2016-10-23 00:08:42,789981839721017344,jrquick55,Gerald Robert Quick,0.0,Retired Education Specialist/Atheist/Humanist/Liberal/ Lover of Poetry/Studied English Literature at Michigan State University,"Frazier Park, CA",None,None,False,112
2013-12-14 16:13:36,2245811592,Bbillybtp,70,0.0,None,None,None,None,False,145
2014-05-29 12:03:36,2532507294,Teddozz,Teddoz,0.0,Former adc of 2SL,Iceland,None,None,False,24
2011-07-25 09:26:37,342000543,AnarchoBoogaloo,ğŸ´ Brenden the BoogalooğŸ´,0.0,"22, he/him. depressed ancom musician and philosophy student. i try to be ok so please lemme know if i hurt you. i ramble about being sad and also politics.",Fucksville,None,None,False,93
2016-10-03 09:42:05,782878380307865600,jvcabr6,Jenise,-0.15,Just your average potato,"Texas, USA",None,None,False,146
2017-01-26 23:02:20,824754374006145025,hnlittleton,Haley Littleton,0.055,"Communications, Writer/Editor, MA from @UofDenver in Writing/Environmental Lit. Will travel down strange alleys for good food. Opinions = ğŸ™‹ğŸ¼â€â™€ï¸","Colorado, USA",None,None,False,106
2012-09-30 00:00:25,853804334,drayahjohnston,dray,0.4,â€¢OCUâ€¢live intentionally in light of eternityâ€¢,Good Ole Circleville,None,None,False,502
2017-10-19 08:24:18,920928580611162112,dkgyu,Lia ğŸ–¤ LALIA ğŸ‘,0.0,got7 and seventeen make my heart flutter,"Los Angeles, CA",None,None,False,411
2010-07-20 19:45:48,168777899,LeibelMangel,Leibel Mangel,0.0,â€¢ Israel Defense Forces - Combat  â€¢ Speaker  â€¢ Writer â€¢ Krav Maga Head Instructor  â€¢ Jewish People's Choice Award Winner,"Jerusalem, Israel",None,None,False,2082
2014-01-31 19:42:05,2321272902,TrotAlex,Alexa ğŸ‡ºğŸ‡¸,0.156,#PresidentTrump #MAGA #AmericaFirst #USMilitary #Christian #ProLife #IStandWithIsrael #Animal Rescue #PATRIOT ! Happily Married for 27 years!,TEXAS #ImWithAbbott,None,None,False,14267
2017-12-10 19:22:52,939938483803697152,Papafife,Mr. Ian Pfeiffer,0.155,"More concerned about right and wrong than right and left, but I lean right!",None,None,None,False,288
2017-10-08 19:46:30,917113995852763136,MikiTikiTavii,= MiKe =,0.0,None,Yo Mama,None,None,False,15
2015-09-03 04:46:01,3530428035,NotMattMuser,Joey 2 Jobs,0.0,the money turned my noodles into pasta,None,None,None,False,555
2018-04-29 17:06:26,990638449681223681,JackRGordon,LIC. JACK R. GORODEZKY,0.0,Abogado Jurista Penalista Investigador Privado Asesor PolÃ­tico Seguridad Nacional Mundial Investigaciones Inteligencia Anti CorrupciÃ³n,None,None,None,False,3
2017-01-07 15:36:24,817756781313196033,frostbyte4free,Frostbyte FreemaaÍšÌ¦ÍšÍ™Í…Ì¥aÌ°ÌªÍ–Ì¯aÌ¨Ì¤Í™AÌ–Ì¤ÌAÌ°Í‡AÍnÌºÌŸNÌ´Ì­,0.056,"Team 123's resident strategist and nerd. My Twitter's a lot more personal, opinionated, and a bit less Lego-y and cringey.","New Ninjago City, 50 Years in the future",None,None,False,201
2013-03-23 13:38:32,1291472282,foodiemomo,Monisha Shah,0.0,"From now on, without you,                      I am thinking about change.                  -Seventeen",None,None,None,False,78
2012-09-02 05:58:39,797622739,aeastrong12,aboutalexis,0.0,"I run with coffee, nikes and scissors.","Nashville, TN",None,None,False,456
2012-10-10 19:20:58,872357994,Megan_Renee07,Megan Renee,0.0,None,None,None,None,False,531
2016-12-17 01:01:05,809926355747905540,officialnmp,Official NotmyPresidentğŸ¥‘âš–ï¸ğŸ‰ #FBR #BlockedByTrump,0.125,Official #notmypresident acct. We #resist #Nazis. Trump & most of the GOP are #terrorists. #MeToo #StillWithHer #NeverAgain #TeamAvocado #NoRAğŸ¥‘âš–ğŸ‰,Frontlines of the #Resistance,None,None,False,54169
2011-09-07 09:08:38,369403263,samsjazz,danisam,0.2,Personal and Fandom account. Enter at your own risk. Found families are my kryptonite.,None,None,None,False,234
2009-04-28 20:40:24,36175949,jimgito,â˜•ï¸ Jim ğŸ®,0.027,"Geek, Coffee & movies, â¤ï¸ğŸ‡ºğŸ‡¸, live in ğŸ‡¬ğŸ‡§. Instagram & Snapchat - jimgito. Twitch Affiliate. Member of @HumanBeingsTeam. Business Enquiries - jimgito@me.com",Chorley Lancashire,None,None,False,771
2012-05-09 20:58:31,575753124,hedjuchoi,Kristin Choi,0.0,None,None,None,None,False,38
2017-11-26 11:10:19,934741098467024897,BTSMissRight04,fake love #iVoteBTSBBMAs,0.0,@BTS_twt ğŸ’•,ğŸ‡µğŸ‡­,None,None,False,14
2018-01-16 18:09:25,953328350352715776,MyBellaNotte,AngelBella,0.1,"Artist from a town w/no shoe stores. Most of my time was spent barefoot treading thru the miniscule world of spiders, snakes and all things hiding in the grass","SC, CA, 95062",None,None,False,96
2018-01-16 18:09:25,953328350352715776,MyBellaNotte,AngelBella,0.1,"Artist from a town w/no shoe stores. Most of my time was spent barefoot treading thru the miniscule world of spiders, snakes and all things hiding in the grass","SC, CA, 95062",None,None,False,96
2018-01-16 18:09:25,953328350352715776,MyBellaNotte,AngelBella,0.1,"Artist from a town w/no shoe stores. Most of my time was spent barefoot treading thru the miniscule world of spiders, snakes and all things hiding in the grass","SC, CA, 95062",None,None,False,95
2015-12-02 00:12:04,4425686353,desirousdruid,ğŸ¦,0.0,None,None,None,None,False,69
2017-07-29 22:08:24,891420165338001412,KaytlynnPlaysOW,ğŸ’š kaytlynn ğŸ’›,0.417,âœ¨âœ¨âœ¨ Mercy Main âœ¨âœ¨âœ¨I mostly play support heroes because no one else wants to ğŸ¤·ğŸ¼â€â™€ï¸ (Xbox One) Proud fan of the LA Valiant,The Temple of Anubis,None,None,False,61
2018-03-14 18:05:40,973983514772361221,cubicleman78,Cubicleman,0.0,Anti oppression Anti racism Anti fascism  Facts and arguments above yelling!,The Netherlands,None,None,False,332
2017-07-17 22:27:33,887076331095179264,DvaReEngaging,Marquise Spinneret Mindfang,0.167,"http://D.Va main (Xbox), Otaku, Fanfic author, Fanartist, RWBY, Homestuck, History lover,  Whovean, cosplayer, likes horror, Philadelphia Fusion Fan.",Paradox Space,None,None,False,1329
2016-11-28 01:52:13,803053854325542912,RednexPunk,#SaveLucifer #PickUpLucifer,0.0,#Progressive with some #Conservative views.  I am #MGTOW #NoLivesMatter #BanTheNRA & #MarchForOurLives #basta @TheCW #SaveLucifer,Swamps of Texas,None,None,False,2944
2018-05-12 07:01:51,995197343015186432,Makaden7,SAVE LUCIFER,0.0,None,None,None,None,False,4
2018-05-14 05:49:02,995903793832194048,MaryEst17561881,Mary Esther,0.0,None,None,None,None,False,0
2015-12-14 03:28:49,4552975393,ryojibot,ryojibot,0.042,You have established the Ryoji Mochizuki Social Link of the Fortune Arcana!,Port Island,None,None,False,214
2018-05-09 21:34:30,994329789044613125,ofhawkisms,BARTON,0.0,Wasn't in infinity war.,á´„ÊŸá´‡É´á´„Êœ á´œá´˜ ÊŸá´‡É¢á´ÊŸá´€s.,None,None,False,63
2017-10-27 13:33:05,923905391481839616,khunniesmile77,Rememberme,0.425,Love is true â¤ï¸,None,None,None,False,1
2015-11-19 09:42:57,4288478006,exowhooop,jasbaekz; d-52,-0.35,oh thou almighty lord baekhyun fuck me in the ass #Tanmine (fan account duh),on crack and in love w tanha,None,None,False,224
2018-01-16 18:09:25,953328350352715776,MyBellaNotte,AngelBella,0.1,"Artist from a town w/no shoe stores. Most of my time was spent barefoot treading thru the miniscule world of spiders, snakes and all things hiding in the grass","SC, CA, 95062",None,None,False,96
2013-04-04 10:23:52,1326627812,MarvinSometh1ng,Marv,0.0,"water, melanin, bones, afrofuturism, blood.","Pretoria, South Africa",None,None,False,3220
2009-06-29 14:02:58,52063766,IAMCLAAS,Claas #UGA #Villian #Captain,0.425,#TCH #National rapper extraordinaire! ..#LSP Artist!#CultShit #BAMF #SawNAxe #Juggalo property of the beautiful @TCHBunny IG: IAMCLAAS #UndergroundAvenger,Worldwide,None,None,False,33526
2013-07-05 22:03:08,1571457979,halfdollabill,Halfdollabill,0.172,"music is life, love the movie's all type's, Down with the Buffalo Bill's for life,",Portland OR,None,None,False,205
2010-12-21 05:53:42,228979057,KRaZiKiLLeTTe,ğŸª KRaZiKiLLeTTeğŸˆ,0.0,"ğŸˆWe DoNT eVeR Die aLoNe, JuGGaLoS WiLL CaRRy oN, SWiNG ouR HaTCheTS iF We MuST, eaCH aND eVeRyoNe oF uS! #JADV #TeamDead #DCF #JRB #PMA #EliteJuggalo #SV #CPK","here, there... everywhere",None,None,False,2657
2016-04-14 00:47:56,720413242875465728,ObsoletePencil,Jiggylo,-0.4,ARE YOU NOT ENTERTAINED? ğŸªâ¤ğŸ’ #Marfans #DID #AutismSpeaks #DarkCarnival #Juggalo ğŸ¤¡ Crap you can buy ğŸ‘‰ http://etsy.com/shop/JiggyloArt â™âš–ï¸,"Minnesota, USA",None,None,False,1717
2010-03-31 14:46:22,128238797,shol_A_,Shola Animashaun,0.0,Religion; the opium of the masses.,"Lagos, Nigeria",None,None,False,1362
2011-09-22 18:12:41,378138746,ogagaodokuma,GAGZYGAGA GRIMM,0.125,Afro Gagzy. The Gaganoid One. I possess a power unbeknownst of any greater than itself. ğŸ“¸: @ogagaodokuma,Atlantis,None,None,False,541
2010-02-27 16:29:56,118106152,ina_tope,Ina,0.0,None,None,None,None,False,1664
2011-01-06 00:48:50,234580907,callme_FRED,Freddy Umar,0.0,Non-conformist,"Atlanta, GA",None,None,False,543
2014-05-08 18:27:25,2535590152,sobeit22,Nova Lee Farworn,0.0,Truth can never hide from itselfâ€¼ï¸,Hailey ID.,None,None,False,5811
2016-04-12 21:58:34,720008230412410885,ish10040,ğŸ†“GeneSmartsğŸ†™,0.0,#GODBLESSAMERICA â•â•â• #REDWHITEBLUE ğŸ‡ºğŸ‡¸ğŸ‡ºğŸ‡¸ğŸ‡ºğŸ‡¸ğŸ‡ºğŸ‡ºğŸ‡¸ğŸ‡¸ #LAWANDORDER ğŸ‡ºğŸ‡¸ğŸ‡ºğŸ‡¸ğŸ‡ºğŸ‡¸ğŸ‡ºğŸ‡¸ğŸ‡ºğŸ‡¸  #AMERICAFIRST ğŸ’²ğŸ’²ğŸ’²ğŸ’²ğŸ’² #TRUMPisWINNING ğŸ†ğŸ†,None,None,None,False,8259
2009-08-31 03:03:53,70290970,capt_shiro,Sochan@ğŸ–¤â¤ï¸ SHIRO LOVES KEITH,0.0,Sheith (Voltron) twitter ğŸ–¤â¤ï¸  Sochan or Soph  25  ISTJ  Graphic designer  musicophile  monoshipper  Sheith Fic Dealer  bottom keith central,MNL,None,None,False,1027
2012-06-11 05:21:35,605217585,AshtonBrooks14,AshBro,0.0,ESPMA  SPC  Mock Trial  NU '21 âš½ï¸ğŸ¾,"Midland, MI",None,None,False,1606
2013-10-04 21:55:47,1935603038,ChelseaLongxx,Chilly,0.0,ğŸ¤ªğŸ¤ªğŸ¤ªğŸ¤ª,"Michigan, USA",None,None,False,641
2015-07-26 20:06:21,3295964730,tltodd16,taylor todd,0.0,dhs varsity pom,"Michigan, USA",None,None,False,268
2014-05-04 05:03:08,2527182436,lavely14,HollyğŸŒ¼,1.0,livinâ€™ my best life,"Midland, MI",None,None,False,916
2014-08-06 19:49:14,2735408901,lil_dalessandro,lilly dalessandro,0.0,None,None,None,None,False,257
2014-09-17 01:19:12,2772986374,SeeMoreButts__,sabrina seymourğŸ¯,0.0,i'm probably fatter in person â€¢Northwood Universityâ€¢ â€¢Alpha Gamma Deltaâ€¢,"Flint, MI- Midland, MI",None,None,False,448
2013-04-19 19:30:35,1365229777,CassieLynn099,Cassie Lynn,0.0,NU '21 ğŸºğŸ’™ Î‘Î“Î”,None,None,None,False,464
2016-02-10 00:02:01,4893464505,otonashi_en,Ryoko Otonashi,0.0,"Forget those doritos (SPOILERS) (Bot, some tweets are manual)",matsuda kun,None,None,False,472
2015-07-30 16:39:57,3301755199,HorkeyElla,ella horkey ğŸ¦‹ğŸŒˆğŸ’›,0.7,itâ€™s a good life.,None,None,None,False,96
2015-10-09 07:19:47,3906902416,__KarmaHunn,.,0.0,'ÙˆÙ„ÙØ¹ÙÙ„ÙÙ‘ÙƒÙ Ø²ÙØ±ÙØ¹ØªÙ Ù†ÙÙØ³ÙÙƒÙ ÙÙŠ ØºÙÙŠØ±Ù Ø£Ø±Ø¶ÙÙƒÙ ÙÙØ°ÙØ¨ÙÙ„Øª.,"Riyadh, Kingdom of Saudi Arabia",None,None,False,413
2017-11-23 00:17:58,933489766154174465,SillyLilyLooWho,Lily Rose,0.057,I make art sometimes. I mostly like to talk with other people on Twitter! ğŸ˜,None,None,None,False,34
2014-01-28 03:36:46,2314797331,melancholy_mp3,ì˜ì›íˆ í–‰ë³µí•˜ì,0.0,bana â€¢ hottest :: ã…‡ã…ˆã…  #roadtripnyc #4nightsnyc #í–‰ë³µxí–‰ë³µ,always next to you,None,None,False,82
2009-03-22 03:22:33,25773567,Lalaej,Having Said That ğŸ—£,0.022,"'So-Called' Political strategist, retired teacher, Love reading, writing, art, common sense. RT=not endorsements. #FBR ğŸŒŠ Followed by @TeaPainUSA ğŸ‡ºğŸ‡¸",Santa Barbara,None,None,False,1849
2012-02-19 17:38:53,497151524,LadiiGorgeous14,kierağŸŒ¹,0.0,destined for greatness âœ¨. ICC '17. USM '19.Philippians 4:13 #ElevateğŸš€ Chaotic Movement ğŸ’›,"Hattiesburg, MS",None,None,False,1188
2013-05-21 20:18:27,1447213633,MotofestIOMTT,MotofestIOMTT,0.0,None,Isle of Man,None,None,False,6716
2012-01-29 07:45:24,477496155,HazelFate421BB,Witch__Hazel,0.0,None,None,None,None,False,158
2012-04-07 17:34:35,547859769,realllllken,EVERYD4Y ğŸ’™,0.0,"ìœ„ë„ˆ, ë¹…ìŠ¤, ëª¬ìŠ¤íƒ€ì—‘ìŠ¤                                                                                  i'm babysitting a.c.e, onf & trei",2740BIGBANGCAN'TBEREPLACE,None,None,False,557
2011-11-06 06:35:29,406076569,Kim_Adrianna,i luv matcha green tea ğŸµ,0.212,multifandom. mostly girl groups. a full time ONCE. a part-time I.O.I and LOONA stan.,None,None,None,False,403
2015-11-24 03:45:24,4340769852,GentleSeul,AlwaysBeWithJongin,0.0,ğŸ»ğŸ’›ğŸ»,None,None,None,False,78
2016-03-25 13:01:11,713350012776947712,vocaldiarrhoea,Don,0.0,None,"De Soto, MO",None,None,False,17
2017-04-14 16:46:11,852925963121946624,KillerSmoak,Daniâœ´ saw IW,0.1,It's time to let old things die,[V]HoR gc,None,None,False,217
2018-02-17 17:55:54,964921361285173250,aestheticsoul2,elly,0.0,ğŸ™ğŸ¼ğŸŒ¼,Austria,None,None,False,83
2016-08-23 05:52:03,767962585153019904,ntombi_yeko,ğŸŒ¹ğŸ¥€Ntombi YekoğŸ¥€ğŸŒ¹,0.25,innocent and lovely. ğŸ˜ğŸŒ¿ğŸƒğŸ€â˜˜ï¸,"Senekal, South Africa",None,None,False,136
2017-05-16 00:35:11,864278018432348160,TrepanationCunt,TrepCunt,0.0,On a mission to save Subaki,Hoshido,None,None,False,42
2014-07-19 03:21:44,2717413480,kenziejaynev,Kenzie,0.0,Just trying to get sponsored by Red Bull,None,None,None,False,194
2018-02-10 02:43:34,962155047554396160,KlNKYLE,nation's baby boy â™¡*,-0.003,"everybody's wet dream and ray of sunshine! â˜¼ ë‹¬ì½¤í•œ ê½ƒë¯¸ë‚¨, ë¹›ë‚˜ëŠ” ì•„ì´ëŒ & ìº ë³´ì´. â™¡ 180322. ;; [ semi-hiatus-ish. mostly on tl. very slow dms. ]",* #KRPC. #SLCT. #ì˜¤ì‹œì¸. (ENG/í•œ).,None,None,False,235
2018-04-25 23:08:11,989279935972847616,jinglesIX,d,0.0,Vowels ğŸ¹ DontCryAloud ğŸ‘‡ğŸ½,None,None,None,False,209
2010-06-04 20:48:57,152006857,VinceGodson,Godson,0.0,DONâ€™T CRY ALOUD,The Vowels,None,None,False,1732
2018-01-27 13:17:16,957241095561334785,badz_loveBTS,LOVE YOURSELF ğŸ’§ SINGULARITY ğŸ’œ BTS ğŸ’œ,0.25,i love @BTS_twt to the moon and back.,None,None,None,False,61
2009-02-09 15:09:56,20440660,DavineDC,Davine Ker ğŸ‡¨ğŸ‡¦ğŸ‡ºğŸ‡¸,0.0,"Standup Comedian, StorySLAM Winner, Activist, Actor, VO, Musician, Artist, Co-Host of 'Urban Lens Podcast' @ http://ListenVision.com comediandavineker@gmail.com","Washington DC, USA",None,None,False,4538
2017-07-07 04:14:52,883177470907645953,godslayer5658,ANIMENOOB,-0.103,"New to anime, loves it though, as long with bloodborne, dark souls, video games in general batman, memes, and casually hanging out and talking  with peeps.",None,None,None,False,594
2018-05-01 10:56:06,991270026597384193,bangtanisloved1,BTS Army,0.0,Fan Account for voting,None,None,None,False,32
2012-04-14 13:04:37,553599531,rosekihyuk,nagini dina,0.7,"1/2 of natadia :) we would be nowhere without our incredible fans, we owe it all to you",klaudia's heart,None,None,False,9098
2017-12-14 18:56:41,941381443841875970,thotdio,Dioâ€™s Big (Soft) Sweaty Hands,0.55,please read my byfâœ¨DRV3 SPOILERS âœ¨please dont call me cute âœ¨ shamefully arrested for DIO loving crimesğŸ’Kakyoin enthusiastğŸ’,He/Him,None,None,False,115
2013-11-30 00:06:46,2222195496,jay33__,J,0.0,None,snapchat- jaylinhollister,None,None,False,549
